"Station Name","TORONTO LESTER B. PEARSON INT'L A"
"Province","ONTARIO"
"Latitude","43.68"
"Longitude","-79.63"
"Elevation","173.40"
"Climate Identifier","6158733"
"WMO Identifier","71624"
"TC Identifier","YYZ"
"All times are specified in Local Standard Time (LST). Add 1 hour to adjust for Daylight Saving Time where and when it is observed."

"Legend"
"E","Estimated"
"M","Missing"
"NA","Not Available"

"Date/Time","Year","Month","Day","Time","Temp (°C)","Temp Flag","Dew Point Temp (°C)","Dew Point Temp Flag","Rel Hum (%)","Rel Hum Flag","Wind Dir (10s deg)","Wind Dir Flag","Wind Spd (km/h)","Wind Spd Flag","Visibility (km)","Visibility Flag","Stn Press (kPa)","Stn Press Flag","Hmdx","Hmdx Flag","Wind Chill","Wind Chill Flag","Weather"
"2003-09-01 00:00","2003","09","01","00:00","18.5","","12.6","","68","","25","","6","","24.1","","100.28","","","","","","Cloudy"
"2003-09-01 01:00","2003","09","01","01:00","17.8","","12.8","","73","","32","","6","","24.1","","100.19","","","","","","Cloudy"
"2003-09-01 02:00","2003","09","01","02:00","18.0","","11.7","","67","","33","","4","","24.1","","100.16","","","","","","Cloudy"
"2003-09-01 03:00","2003","09","01","03:00","16.7","","12.6","","77","","1","","6","","24.1","","100.16","","","","","","Cloudy"
"2003-09-01 04:00","2003","09","01","04:00","16.5","","12.6","","78","","","","0","","24.1","","100.14","","","","","","Cloudy"
"2003-09-01 05:00","2003","09","01","05:00","16.5","","12.5","","77","","20","","6","","24.1","","100.16","","","","","","Cloudy"
"2003-09-01 06:00","2003","09","01","06:00","15.7","","12.5","","81","","26","","7","","24.1","","100.21","","","","","","Cloudy"
"2003-09-01 07:00","2003","09","01","07:00","16.2","","12.6","","79","","27","","7","","24.1","","100.21","","","","","","Cloudy"
"2003-09-01 08:00","2003","09","01","08:00","17.1","","12.7","","75","","27","","6","","24.1","","100.21","","","","","","Cloudy"
"2003-09-01 09:00","2003","09","01","09:00","18.4","","12.7","","69","","","","0","","24.1","","100.19","","","","","","Cloudy"
"2003-09-01 10:00","2003","09","01","10:00","19.5","","12.6","","64","","28","","4","","24.1","","100.18","","","","","","Cloudy"
"2003-09-01 11:00","2003","09","01","11:00","20.0","","12.3","","61","","23","","7","","24.1","","100.16","","","","","","Cloudy"
"2003-09-01 12:00","2003","09","01","12:00","20.5","","11.4","","56","","21","","4","","24.1","","100.10","","","","","","Cloudy"
"2003-09-01 13:00","2003","09","01","13:00","20.5","","12.1","","59","","15","","13","","24.1","","100.05","","","","","","Cloudy"
"2003-09-01 14:00","2003","09","01","14:00","20.4","","12.8","","62","","14","","7","","24.1","","100.03","","","","","","Cloudy"
"2003-09-01 15:00","2003","09","01","15:00","20.0","","13.0","","64","","15","","9","","24.1","","99.99","","","","","","Cloudy"
"2003-09-01 16:00","2003","09","01","16:00","19.4","","13.0","","66","","14","","7","","24.1","","99.95","","","","","","Cloudy"
"2003-09-01 17:00","2003","09","01","17:00","19.7","","12.8","","64","","16","","6","","24.1","","99.95","","","","","","Cloudy"
"2003-09-01 18:00","2003","09","01","18:00","19.4","","12.0","","62","","12","","6","","24.1","","99.93","","","","","","Cloudy"
"2003-09-01 19:00","2003","09","01","19:00","19.1","","12.8","","67","","10","","6","","24.1","","99.94","","","","","","Cloudy"
"2003-09-01 20:00","2003","09","01","20:00","18.4","","12.7","","69","","13","","4","","24.1","","99.97","","","","","","Cloudy"
"2003-09-01 21:00","2003","09","01","21:00","18.2","","13.2","","73","","10","","6","","24.1","","99.94","","","","","","Cloudy"
"2003-09-01 22:00","2003","09","01","22:00","18.1","","13.4","","74","","9","","6","","24.1","","99.95","","","","","","Cloudy"
"2003-09-01 23:00","2003","09","01","23:00","17.9","","13.2","","74","","11","","4","","24.1","","99.96","","","","","","Cloudy"
"2003-09-02 00:00","2003","09","02","00:00","17.1","","14.0","","82","","2","","9","","24.1","","99.97","","","","","","Rain Showers"
"2003-09-02 01:00","2003","09","02","01:00","16.3","","14.3","","88","","1","","7","","19.3","","99.97","","","","","","Rain"
"2003-09-02 02:00","2003","09","02","02:00","16.3","","14.2","","87","","7","","7","","24.1","","99.90","","","","","","Rain"
"2003-09-02 03:00","2003","09","02","03:00","16.2","","13.8","","86","","3","","11","","24.1","","99.91","","","","","","Mostly Cloudy"
"2003-09-02 04:00","2003","09","02","04:00","16.1","","14.0","","87","","35","","7","","24.1","","99.93","","","","","","Mostly Cloudy"
"2003-09-02 05:00","2003","09","02","05:00","15.2","","13.7","","91","","36","","6","","24.1","","99.99","","","","","","Mostly Cloudy"
"2003-09-02 06:00","2003","09","02","06:00","14.9","","13.2","","90","","36","","11","","19.3","","100.02","","","","","","Mainly Clear"
"2003-09-02 07:00","2003","09","02","07:00","16.2","","13.6","","85","","","","0","","16.1","","100.06","","","","","","Mainly Clear"
"2003-09-02 08:00","2003","09","02","08:00","17.7","","13.8","","78","","36","","11","","19.3","","100.08","","","","","","Mainly Clear"
"2003-09-02 09:00","2003","09","02","09:00","20.0","","13.2","","65","","7","","11","","19.3","","100.07","","","","","","Mainly Clear"
"2003-09-02 10:00","2003","09","02","10:00","21.2","","14.0","","63","","12","","11","","24.1","","100.08","","25","","","","Mainly Clear"
"2003-09-02 11:00","2003","09","02","11:00","21.3","","14.9","","67","","14","","15","","24.1","","100.07","","25","","","","Mainly Clear"
"2003-09-02 12:00","2003","09","02","12:00","22.1","","15.2","","65","","14","","15","","24.1","","100.05","","26","","","","Mainly Clear"
"2003-09-02 13:00","2003","09","02","13:00","22.3","","15.0","","63","","12","","13","","24.1","","100.05","","26","","","","Mainly Clear"
"2003-09-02 14:00","2003","09","02","14:00","22.2","","14.2","","60","","11","","19","","24.1","","100.01","","26","","","","Mainly Clear"
"2003-09-02 15:00","2003","09","02","15:00","22.3","","14.4","","61","","15","","15","","24.1","","99.96","","26","","","","Mainly Clear"
"2003-09-02 16:00","2003","09","02","16:00","22.1","","13.3","","57","","13","","15","","24.1","","99.93","","25","","","","Mainly Clear"
"2003-09-02 17:00","2003","09","02","17:00","21.9","","12.2","","54","","8","","20","","24.1","","99.90","","","","","","Mainly Clear"
"2003-09-02 18:00","2003","09","02","18:00","20.7","","12.8","","61","","9","","19","","24.1","","99.93","","","","","","Mainly Clear"
"2003-09-02 19:00","2003","09","02","19:00","19.7","","13.0","","65","","12","","7","","24.1","","99.90","","","","","","Mainly Clear"
"2003-09-02 20:00","2003","09","02","20:00","18.6","","14.9","","79","","10","","9","","24.1","","99.93","","","","","","Mainly Clear"
"2003-09-02 21:00","2003","09","02","21:00","18.6","","15.3","","81","","10","","9","","24.1","","99.91","","","","","","Mostly Cloudy"
"2003-09-02 22:00","2003","09","02","22:00","18.9","","15.9","","83","","11","","6","","24.1","","99.90","","","","","","Cloudy"
"2003-09-02 23:00","2003","09","02","23:00","18.8","","15.9","","83","","11","","7","","19.3","","99.87","","","","","","Cloudy"
"2003-09-03 00:00","2003","09","03","00:00","18.4","","16.0","","86","","9","","7","","19.3","","99.83","","","","","","Mainly Clear"
"2003-09-03 01:00","2003","09","03","01:00","18.5","","16.1","","86","","8","","6","","19.3","","99.81","","","","","","Cloudy"
"2003-09-03 02:00","2003","09","03","02:00","18.4","","16.0","","86","","7","","9","","19.3","","99.75","","","","","","Mostly Cloudy"
"2003-09-03 03:00","2003","09","03","03:00","17.9","","16.0","","89","","8","","7","","19.3","","99.71","","","","","","Mainly Clear"
"2003-09-03 04:00","2003","09","03","04:00","17.1","","16.0","","93","","5","","6","","16.1","","99.69","","","","","","Mostly Cloudy"
"2003-09-03 05:00","2003","09","03","05:00","16.8","","15.9","","94","","4","","7","","16.1","","99.63","","","","","","Mostly Cloudy"
"2003-09-03 06:00","2003","09","03","06:00","16.8","","15.9","","94","","2","","7","","8.0","","99.64","","","","","","Fog"
"2003-09-03 07:00","2003","09","03","07:00","17.2","","15.9","","92","","34","","6","","8.0","","99.66","","","","","","Fog"
"2003-09-03 08:00","2003","09","03","08:00","18.6","","16.6","","88","","7","","7","","9.7","","99.60","","","","","","Fog"
"2003-09-03 09:00","2003","09","03","09:00","19.3","","16.2","","82","","31","","7","","16.1","","99.56","","","","","","Mostly Cloudy"
"2003-09-03 10:00","2003","09","03","10:00","20.2","","15.8","","76","","6","","6","","19.3","","99.51","","25","","","","Cloudy"
"2003-09-03 11:00","2003","09","03","11:00","20.0","","15.6","","76","","13","","13","","24.1","","99.47","","","","","","Cloudy"
"2003-09-03 12:00","2003","09","03","12:00","21.0","","16.2","","74","","20","","9","","24.1","","99.38","","26","","","","Mostly Cloudy"
"2003-09-03 13:00","2003","09","03","13:00","22.1","","16.3","","70","","17","","7","","24.1","","99.32","","27","","","","Mostly Cloudy"
"2003-09-03 14:00","2003","09","03","14:00","22.5","","15.6","","65","","12","","6","","24.1","","99.22","","27","","","","Mostly Cloudy"
"2003-09-03 15:00","2003","09","03","15:00","22.7","","15.3","","63","","15","","13","","24.1","","99.16","","27","","","","Mostly Cloudy"
"2003-09-03 16:00","2003","09","03","16:00","23.2","","15.1","","60","","15","","15","","24.1","","99.08","","27","","","","Mostly Cloudy"
"2003-09-03 17:00","2003","09","03","17:00","22.6","","15.4","","64","","15","","17","","24.1","","99.05","","27","","","","Clear"
"2003-09-03 18:00","2003","09","03","18:00","21.6","","15.5","","68","","15","","15","","24.1","","99.02","","26","","","","Mainly Clear"
"2003-09-03 19:00","2003","09","03","19:00","20.4","","16.6","","79","","16","","11","","24.1","","99.02","","25","","","","Mainly Clear"
"2003-09-03 20:00","2003","09","03","20:00","20.0","","17.6","","86","","15","","9","","24.1","","99.05","","26","","","","Mainly Clear"
"2003-09-03 21:00","2003","09","03","21:00","19.6","","17.6","","88","","15","","7","","24.1","","99.01","","","","","","Mainly Clear"
"2003-09-03 22:00","2003","09","03","22:00","20.4","","16.8","","80","","21","","13","","24.1","","98.97","","26","","","","Cloudy"
"2003-09-03 23:00","2003","09","03","23:00","20.0","","16.8","","82","","23","","13","","24.1","","98.95","","25","","","","Cloudy"
"2003-09-04 00:00","2003","09","04","00:00","19.6","","17.2","","86","","23","","13","","24.1","","98.92","","","","","","Cloudy"
"2003-09-04 01:00","2003","09","04","01:00","18.4","","17.1","","92","","27","","15","","16.1","","98.91","","","","","","Mainly Clear"
"2003-09-04 02:00","2003","09","04","02:00","16.9","","16.0","","94","","27","","11","","12.9","","98.88","","","","","","Mainly Clear"
"2003-09-04 03:00","2003","09","04","03:00","17.2","","15.0","","87","","32","","11","","16.1","","98.89","","","","","","Mainly Clear"
"2003-09-04 04:00","2003","09","04","04:00","16.7","","13.9","","84","","32","","19","","19.3","","98.89","","","","","","Mainly Clear"
"2003-09-04 05:00","2003","09","04","05:00","15.6","","12.1","","80","","31","","19","","24.1","","98.92","","","","","","Clear"
"2003-09-04 06:00","2003","09","04","06:00","15.4","","10.9","","75","","31","","20","","24.1","","98.98","","","","","","Mainly Clear"
"2003-09-04 07:00","2003","09","04","07:00","16.2","","11.2","","72","","32","","22","","24.1","","99.03","","","","","","Mainly Clear"
"2003-09-04 08:00","2003","09","04","08:00","17.8","","11.5","","67","","32","","28","","24.1","","99.08","","","","","","Mainly Clear"
"2003-09-04 09:00","2003","09","04","09:00","20.0","","11.1","","57","","32","","30","","24.1","","99.09","","","","","","Mainly Clear"
"2003-09-04 10:00","2003","09","04","10:00","21.2","","10.8","","51","","29","","28","","24.1","","99.09","","","","","","Mainly Clear"
"2003-09-04 11:00","2003","09","04","11:00","21.5","","10.2","","49","","29","","32","","24.1","","99.09","","","","","","Mainly Clear"
"2003-09-04 12:00","2003","09","04","12:00","21.8","","10.9","","50","","30","","39","","24.1","","99.09","","","","","","Mainly Clear"
"2003-09-04 13:00","2003","09","04","13:00","21.8","","10.4","","48","","29","","32","","24.1","","99.09","","","","","","Mostly Cloudy"
"2003-09-04 14:00","2003","09","04","14:00","22.1","","10.0","","46","","30","","37","","24.1","","99.05","","","","","","Mostly Cloudy"
"2003-09-04 15:00","2003","09","04","15:00","21.5","","10.6","","50","","32","","39","","24.1","","99.09","","","","","","Mostly Cloudy"
"2003-09-04 16:00","2003","09","04","16:00","21.9","","10.2","","47","","31","","32","","24.1","","99.11","","","","","","Mainly Clear"
"2003-09-04 17:00","2003","09","04","17:00","20.3","","10.0","","52","","30","","37","","24.1","","99.14","","","","","","Mainly Clear"
"2003-09-04 18:00","2003","09","04","18:00","18.4","","11.0","","62","","30","","32","","24.1","","99.21","","","","","","Mostly Cloudy"
"2003-09-04 19:00","2003","09","04","19:00","16.3","","10.7","","69","","31","","28","","24.1","","99.32","","","","","","Mainly Clear"
"2003-09-04 20:00","2003","09","04","20:00","15.9","","10.8","","72","","32","","32","","24.1","","99.38","","","","","","Mostly Cloudy"
"2003-09-04 21:00","2003","09","04","21:00","15.5","","11.1","","75","","34","","22","","24.1","","99.43","","","","","","Mostly Cloudy"
"2003-09-04 22:00","2003","09","04","22:00","15.1","","11.3","","78","","31","","22","","24.1","","99.45","","","","","","Mostly Cloudy"
"2003-09-04 23:00","2003","09","04","23:00","14.2","","12.3","","88","","33","","22","","9.7","","99.50","","","","","","Rain,Fog"
"2003-09-05 00:00","2003","09","05","00:00","13.6","","12.8","","95","","31","","17","","24.1","","99.52","","","","","","Drizzle"
"2003-09-05 01:00","2003","09","05","01:00","13.9","","12.5","","91","","29","","15","","24.1","","99.52","","","","","","Cloudy"
"2003-09-05 02:00","2003","09","05","02:00","14.2","","11.3","","83","","33","","20","","24.1","","99.54","","","","","","Mostly Cloudy"
"2003-09-05 03:00","2003","09","05","03:00","13.8","","10.5","","80","","33","","20","","24.1","","99.58","","","","","","Mostly Cloudy"
"2003-09-05 04:00","2003","09","05","04:00","13.4","","10.0","","80","","35","","19","","24.1","","99.64","","","","","","Cloudy"
"2003-09-05 05:00","2003","09","05","05:00","12.9","","9.2","","78","","36","","17","","24.1","","99.69","","","","","","Mainly Clear"
"2003-09-05 06:00","2003","09","05","06:00","12.8","","9.4","","80","","33","","15","","24.1","","99.77","","","","","","Mainly Clear"
"2003-09-05 07:00","2003","09","05","07:00","13.5","","10.2","","80","","33","","13","","24.1","","99.84","","","","","","Mostly Cloudy"
"2003-09-05 08:00","2003","09","05","08:00","14.8","","10.7","","76","","34","","19","","24.1","","99.86","","","","","","Mainly Clear"
"2003-09-05 09:00","2003","09","05","09:00","16.5","","10.5","","68","","36","","20","","24.1","","99.90","","","","","","Mainly Clear"
"2003-09-05 10:00","2003","09","05","10:00","18.1","","9.3","","56","","33","","28","","24.1","","99.92","","","","","","Mainly Clear"
"2003-09-05 11:00","2003","09","05","11:00","19.6","","9.2","","51","","32","","24","","24.1","","99.91","","","","","","Mainly Clear"
"2003-09-05 12:00","2003","09","05","12:00","20.5","","8.5","","46","","36","","20","","24.1","","99.87","","","","","","Clear"
"2003-09-05 13:00","2003","09","05","13:00","21.5","","7.6","","41","","36","","22","","24.1","","99.85","","","","","","Clear"
"2003-09-05 14:00","2003","09","05","14:00","21.7","","7.2","","39","","31","","19","","24.1","","99.83","","","","","","Mainly Clear"
"2003-09-05 15:00","2003","09","05","15:00","22.3","","6.2","","35","","36","","15","","24.1","","99.80","","","","","","Mainly Clear"
"2003-09-05 16:00","2003","09","05","16:00","21.9","","6.6","","37","","35","","15","","24.1","","99.78","","","","","","Mainly Clear"
"2003-09-05 17:00","2003","09","05","17:00","21.8","","6.9","","38","","36","","19","","24.1","","99.80","","","","","","Mainly Clear"
"2003-09-05 18:00","2003","09","05","18:00","19.9","","6.3","","41","","3","","22","","24.1","","99.84","","","","","","Mainly Clear"
"2003-09-05 19:00","2003","09","05","19:00","17.8","","5.9","","46","","2","","11","","24.1","","99.88","","","","","","Clear"
"2003-09-05 20:00","2003","09","05","20:00","17.0","","4.0","","42","","1","","15","","24.1","","99.92","","","","","","Clear"
"2003-09-05 21:00","2003","09","05","21:00","16.0","","4.7","","47","","36","","15","","24.1","","99.94","","","","","","Clear"
"2003-09-05 22:00","2003","09","05","22:00","15.0","","5.1","","52","","35","","13","","24.1","","99.97","","","","","","Clear"
"2003-09-05 23:00","2003","09","05","23:00","14.2","","5.0","","54","","35","","9","","24.1","","99.97","","","","","","Clear"
"2003-09-06 00:00","2003","09","06","00:00","12.6","","5.4","","61","","34","","7","","24.1","","99.97","","","","","","Clear"
"2003-09-06 01:00","2003","09","06","01:00","13.3","","5.3","","58","","34","","7","","24.1","","99.98","","","","","","Clear"
"2003-09-06 02:00","2003","09","06","02:00","10.9","","5.7","","70","","32","","9","","24.1","","99.96","","","","","","Clear"
"2003-09-06 03:00","2003","09","06","03:00","11.2","","6.0","","70","","32","","9","","24.1","","99.95","","","","","","Clear"
"2003-09-06 04:00","2003","09","06","04:00","10.3","","6.2","","76","","31","","7","","24.1","","99.95","","","","","","Clear"
"2003-09-06 05:00","2003","09","06","05:00","10.1","","6.3","","77","","31","","6","","24.1","","100.00","","","","","","Clear"
"2003-09-06 06:00","2003","09","06","06:00","9.8","","6.1","","78","","28","","4","","24.1","","100.03","","","","","","Mainly Clear"
"2003-09-06 07:00","2003","09","06","07:00","11.8","","7.9","","77","","27","","6","","24.1","","100.05","","","","","","Mainly Clear"
"2003-09-06 08:00","2003","09","06","08:00","15.4","","9.1","","66","","26","","7","","24.1","","100.03","","","","","","Mainly Clear"
"2003-09-06 09:00","2003","09","06","09:00","16.8","","8.2","","57","","25","","9","","24.1","","100.01","","","","","","Mainly Clear"
"2003-09-06 10:00","2003","09","06","10:00","19.7","","7.6","","45","","27","","7","","24.1","","99.99","","","","","","Mainly Clear"
"2003-09-06 11:00","2003","09","06","11:00","22.4","","9.2","","43","","24","","15","","24.1","","99.96","","","","","","Mainly Clear"
"2003-09-06 12:00","2003","09","06","12:00","23.6","","8.9","","39","","23","","9","","24.1","","99.93","","","","","","Clear"
"2003-09-06 13:00","2003","09","06","13:00","24.9","","9.2","","37","","27","","17","","24.1","","99.86","","26","","","","Clear"
"2003-09-06 14:00","2003","09","06","14:00","24.8","","9.1","","37","","25","","19","","24.1","","99.79","","26","","","","Clear"
"2003-09-06 15:00","2003","09","06","15:00","26.0","","9.3","","35","","25","","13","","24.1","","99.72","","27","","","","Clear"
"2003-09-06 16:00","2003","09","06","16:00","25.8","","8.9","","34","","27","","22","","24.1","","99.67","","27","","","","Mainly Clear"
"2003-09-06 17:00","2003","09","06","17:00","25.3","","9.2","","36","","25","","19","","24.1","","99.68","","26","","","","Mainly Clear"
"2003-09-06 18:00","2003","09","06","18:00","24.2","","9.1","","38","","26","","15","","24.1","","99.68","","25","","","","Mainly Clear"
"2003-09-06 19:00","2003","09","06","19:00","22.5","","9.4","","43","","29","","11","","24.1","","99.70","","","","","","Mainly Clear"
"2003-09-06 20:00","2003","09","06","20:00","20.9","","9.2","","47","","30","","9","","24.1","","99.73","","","","","","Mainly Clear"
"2003-09-06 21:00","2003","09","06","21:00","18.1","","8.8","","55","","29","","9","","24.1","","99.73","","","","","","Clear"
"2003-09-06 22:00","2003","09","06","22:00","17.7","","10.8","","64","","23","","11","","24.1","","99.75","","","","","","Clear"
"2003-09-06 23:00","2003","09","06","23:00","16.2","","12.7","","80","","25","","13","","24.1","","99.74","","","","","","Clear"
"2003-09-07 00:00","2003","09","07","00:00","15.8","","12.7","","82","","24","","11","","24.1","","99.71","","","","","","Clear"
"2003-09-07 01:00","2003","09","07","01:00","15.5","","12.1","","80","","26","","11","","19.3","","99.67","","","","","","Clear"
"2003-09-07 02:00","2003","09","07","02:00","15.6","","11.8","","78","","23","","7","","24.1","","99.65","","","","","","Clear"
"2003-09-07 03:00","2003","09","07","03:00","15.6","","11.5","","77","","24","","7","","24.1","","99.62","","","","","","Clear"
"2003-09-07 04:00","2003","09","07","04:00","15.5","","11.5","","77","","25","","11","","24.1","","99.61","","","","","","Clear"
"2003-09-07 05:00","2003","09","07","05:00","15.2","","11.7","","80","","25","","7","","16.1","","99.61","","","","","","Clear"
"2003-09-07 06:00","2003","09","07","06:00","14.8","","12.2","","84","","26","","11","","12.9","","99.63","","","","","","Clear"
"2003-09-07 07:00","2003","09","07","07:00","16.5","","13.4","","82","","27","","13","","14.5","","99.66","","","","","","Mainly Clear"
"2003-09-07 08:00","2003","09","07","08:00","18.5","","14.3","","77","","28","","9","","14.5","","99.68","","","","","","Mostly Cloudy"
"2003-09-07 09:00","2003","09","07","09:00","20.7","","15.1","","70","","30","","9","","16.1","","99.69","","25","","","","Mostly Cloudy"
"2003-09-07 10:00","2003","09","07","10:00","22.8","","15.4","","63","","33","","6","","19.3","","99.67","","27","","","","Mainly Clear"
"2003-09-07 11:00","2003","09","07","11:00","25.4","","16.2","","57","","27","","9","","19.3","","99.62","","30","","","","Mainly Clear"
"2003-09-07 12:00","2003","09","07","12:00","26.6","","16.3","","53","","21","","9","","24.1","","99.58","","31","","","","Mostly Cloudy"
"2003-09-07 13:00","2003","09","07","13:00","27.2","","15.2","","48","","31","","6","","24.1","","99.57","","31","","","","Mostly Cloudy"
"2003-09-07 14:00","2003","09","07","14:00","28.5","","15.1","","44","","30","","11","","24.1","","99.53","","33","","","","Mainly Clear"
"2003-09-07 15:00","2003","09","07","15:00","27.1","","15.6","","49","","2","","4","","24.1","","99.51","","31","","","","Mainly Clear"
"2003-09-07 16:00","2003","09","07","16:00","27.1","","16.8","","53","","1","","24","","24.1","","99.54","","32","","","","Mainly Clear"
"2003-09-07 17:00","2003","09","07","17:00","25.6","","16.4","","57","","35","","24","","24.1","","99.60","","30","","","","Mainly Clear"
"2003-09-07 18:00","2003","09","07","18:00","23.7","","15.2","","59","","36","","20","","24.1","","99.62","","28","","","","Clear"
"2003-09-07 19:00","2003","09","07","19:00","21.9","","16.0","","69","","35","","22","","24.1","","99.68","","27","","","","Mainly Clear"
"2003-09-07 20:00","2003","09","07","20:00","20.0","","15.9","","77","","36","","26","","24.1","","99.76","","25","","","","Clear"
"2003-09-07 21:00","2003","09","07","21:00","18.7","","15.5","","82","","36","","17","","24.1","","99.82","","","","","","Clear"
"2003-09-07 22:00","2003","09","07","22:00","18.5","","15.6","","83","","3","","17","","24.1","","99.86","","","","","","Mainly Clear"
"2003-09-07 23:00","2003","09","07","23:00","18.6","","13.8","","74","","5","","15","","24.1","","99.90","","","","","","Mostly Cloudy"
"2003-09-08 00:00","2003","09","08","00:00","18.1","","13.2","","73","","7","","11","","24.1","","99.94","","","","","","Mostly Cloudy"
"2003-09-08 01:00","2003","09","08","01:00","17.8","","12.0","","69","","9","","11","","24.1","","99.95","","","","","","Mostly Cloudy"
"2003-09-08 02:00","2003","09","08","02:00","17.3","","11.1","","67","","6","","11","","24.1","","99.98","","","","","","Mostly Cloudy"
"2003-09-08 03:00","2003","09","08","03:00","16.4","","10.8","","69","","6","","9","","24.1","","99.99","","","","","","Mostly Cloudy"
"2003-09-08 04:00","2003","09","08","04:00","16.1","","10.3","","68","","6","","9","","24.1","","100.01","","","","","","Mainly Clear"
"2003-09-08 05:00","2003","09","08","05:00","15.6","","10.2","","70","","5","","9","","24.1","","100.05","","","","","","Mostly Cloudy"
"2003-09-08 06:00","2003","09","08","06:00","14.8","","10.1","","73","","5","","9","","24.1","","100.10","","","","","","Mainly Clear"
"2003-09-08 07:00","2003","09","08","07:00","15.9","","9.8","","67","","5","","11","","24.1","","100.15","","","","","","Clear"
"2003-09-08 08:00","2003","09","08","08:00","18.1","","8.9","","55","","7","","13","","24.1","","100.17","","","","","","Mainly Clear"
"2003-09-08 09:00","2003","09","08","09:00","19.3","","8.6","","50","","8","","17","","24.1","","100.20","","","","","","Mainly Clear"
"2003-09-08 10:00","2003","09","08","10:00","20.2","","7.6","","44","","9","","20","","24.1","","100.24","","","","","","Clear"
"2003-09-08 11:00","2003","09","08","11:00","20.9","","8.0","","43","","7","","19","","24.1","","100.22","","","","","","Clear"
"2003-09-08 12:00","2003","09","08","12:00","21.5","","8.4","","43","","12","","7","","24.1","","100.21","","","","","","Clear"
"2003-09-08 13:00","2003","09","08","13:00","21.9","","8.9","","43","","11","","15","","24.1","","100.18","","","","","","Clear"
"2003-09-08 14:00","2003","09","08","14:00","21.5","","10.5","","50","","14","","20","","24.1","","100.13","","","","","","Clear"
"2003-09-08 15:00","2003","09","08","15:00","20.9","","10.5","","51","","14","","22","","24.1","","100.11","","","","","","Clear"
"2003-09-08 16:00","2003","09","08","16:00","20.5","","10.4","","52","","13","","20","","24.1","","100.12","","","","","","Clear"
"2003-09-08 17:00","2003","09","08","17:00","20.0","","11.1","","57","","13","","11","","24.1","","100.14","","","","","","Clear"
"2003-09-08 18:00","2003","09","08","18:00","19.0","","11.5","","62","","14","","11","","24.1","","100.17","","","","","","Mainly Clear"
"2003-09-08 19:00","2003","09","08","19:00","18.0","","11.6","","66","","12","","6","","24.1","","100.19","","","","","","Clear"
"2003-09-08 20:00","2003","09","08","20:00","17.7","","11.3","","66","","6","","4","","24.1","","100.22","","","","","","Clear"
"2003-09-08 21:00","2003","09","08","21:00","16.0","","10.7","","71","","4","","6","","24.1","","100.26","","","","","","Clear"
"2003-09-08 22:00","2003","09","08","22:00","16.4","","10.9","","70","","5","","7","","24.1","","100.30","","","","","","Mainly Clear"
"2003-09-08 23:00","2003","09","08","23:00","16.4","","12.1","","76","","5","","11","","24.1","","100.32","","","","","","Clear"
"2003-09-09 00:00","2003","09","09","00:00","15.6","","12.1","","80","","4","","7","","24.1","","100.36","","","","","","Clear"
"2003-09-09 01:00","2003","09","09","01:00","14.8","","11.7","","82","","4","","7","","24.1","","100.39","","","","","","Clear"
"2003-09-09 02:00","2003","09","09","02:00","14.1","","11.4","","84","","4","","7","","24.1","","100.40","","","","","","Clear"
"2003-09-09 03:00","2003","09","09","03:00","14.9","","10.3","","74","","6","","9","","24.1","","100.41","","","","","","Clear"
"2003-09-09 04:00","2003","09","09","04:00","14.3","","9.8","","74","","5","","13","","24.1","","100.43","","","","","","Clear"
"2003-09-09 05:00","2003","09","09","05:00","13.9","","9.1","","73","","5","","11","","24.1","","100.46","","","","","","Clear"
"2003-09-09 06:00","2003","09","09","06:00","13.2","","8.8","","75","","4","","11","","24.1","","100.49","","","","","","Clear"
"2003-09-09 07:00","2003","09","09","07:00","14.3","","8.5","","68","","3","","13","","24.1","","100.54","","","","","","Clear"
"2003-09-09 08:00","2003","09","09","08:00","16.6","","8.5","","59","","5","","9","","24.1","","100.55","","","","","","Clear"
"2003-09-09 09:00","2003","09","09","09:00","18.8","","8.1","","50","","9","","15","","24.1","","100.57","","","","","","Clear"
"2003-09-09 10:00","2003","09","09","10:00","20.2","","9.7","","51","","10","","13","","24.1","","100.58","","","","","","Clear"
"2003-09-09 11:00","2003","09","09","11:00","20.9","","10.7","","52","","10","","15","","24.1","","100.55","","","","","","Clear"
"2003-09-09 12:00","2003","09","09","12:00","21.3","","11.8","","55","","12","","19","","24.1","","100.53","","","","","","Clear"
"2003-09-09 13:00","2003","09","09","13:00","21.6","","12.3","","55","","11","","19","","24.1","","100.51","","","","","","Clear"
"2003-09-09 14:00","2003","09","09","14:00","21.9","","12.3","","54","","12","","17","","24.1","","100.46","","","","","","Clear"
"2003-09-09 15:00","2003","09","09","15:00","22.0","","11.8","","52","","12","","20","","24.1","","100.41","","","","","","Clear"
"2003-09-09 16:00","2003","09","09","16:00","21.9","","11.3","","51","","10","","19","","24.1","","100.40","","","","","","Clear"
"2003-09-09 17:00","2003","09","09","17:00","21.6","","10.4","","49","","7","","19","","24.1","","100.36","","","","","","Clear"
"2003-09-09 18:00","2003","09","09","18:00","20.8","","9.5","","48","","10","","15","","24.1","","100.38","","","","","","Clear"
"2003-09-09 19:00","2003","09","09","19:00","19.6","","9.4","","52","","9","","11","","24.1","","100.38","","","","","","Mainly Clear"
"2003-09-09 20:00","2003","09","09","20:00","18.7","","10.8","","60","","7","","11","","24.1","","100.43","","","","","","Clear"
"2003-09-09 21:00","2003","09","09","21:00","17.3","","11.8","","70","","5","","7","","24.1","","100.46","","","","","","Clear"
"2003-09-09 22:00","2003","09","09","22:00","17.6","","12.9","","74","","6","","7","","24.1","","100.48","","","","","","Clear"
"2003-09-09 23:00","2003","09","09","23:00","16.3","","13.1","","81","","5","","6","","24.1","","100.45","","","","","","Clear"
"2003-09-10 00:00","2003","09","10","00:00","16.1","","12.8","","81","","3","","9","","24.1","","100.45","","","","","","Clear"
"2003-09-10 01:00","2003","09","10","01:00","15.2","","11.7","","80","","2","","7","","24.1","","100.42","","","","","","Clear"
"2003-09-10 02:00","2003","09","10","02:00","14.4","","11.7","","84","","2","","9","","24.1","","100.41","","","","","","Clear"
"2003-09-10 03:00","2003","09","10","03:00","14.1","","11.7","","85","","2","","11","","24.1","","100.38","","","","","","Clear"
"2003-09-10 04:00","2003","09","10","04:00","13.9","","11.8","","87","","2","","9","","19.3","","100.40","","","","","","Clear"
"2003-09-10 05:00","2003","09","10","05:00","13.5","","11.7","","89","","2","","9","","19.3","","100.44","","","","","","Clear"
"2003-09-10 06:00","2003","09","10","06:00","13.4","","11.7","","89","","36","","7","","24.1","","100.48","","","","","","Clear"
"2003-09-10 07:00","2003","09","10","07:00","15.0","","12.3","","84","","2","","9","","24.1","","100.49","","","","","","Clear"
"2003-09-10 08:00","2003","09","10","08:00","17.0","","13.3","","79","","1","","7","","24.1","","100.53","","","","","","Clear"
"2003-09-10 09:00","2003","09","10","09:00","20.2","","15.1","","72","","13","","6","","24.1","","100.54","","","","","","Clear"
"2003-09-10 10:00","2003","09","10","10:00","22.3","","15.9","","67","","16","","9","","19.3","","100.57","","27","","","","Clear"
"2003-09-10 11:00","2003","09","10","11:00","22.4","","15.5","","65","","11","","15","","24.1","","100.55","","27","","","","Mainly Clear"
"2003-09-10 12:00","2003","09","10","12:00","23.4","","15.0","","59","","10","","17","","24.1","","100.52","","27","","","","Mainly Clear"
"2003-09-10 13:00","2003","09","10","13:00","24.1","","13.8","","53","","12","","11","","24.1","","100.52","","27","","","","Mainly Clear"
"2003-09-10 14:00","2003","09","10","14:00","24.1","","14.0","","53","","13","","7","","24.1","","100.44","","27","","","","Clear"
"2003-09-10 15:00","2003","09","10","15:00","24.2","","13.5","","51","","13","","9","","24.1","","100.41","","27","","","","Clear"
"2003-09-10 16:00","2003","09","10","16:00","24.2","","13.6","","52","","15","","9","","24.1","","100.40","","27","","","","Clear"
"2003-09-10 17:00","2003","09","10","17:00","23.5","","13.5","","53","","14","","9","","24.1","","100.41","","27","","","","Clear"
"2003-09-10 18:00","2003","09","10","18:00","21.9","","12.8","","56","","16","","9","","24.1","","100.42","","25","","","","Clear"
"2003-09-10 19:00","2003","09","10","19:00","20.6","","12.1","","58","","17","","9","","24.1","","100.40","","","","","","Clear"
"2003-09-10 20:00","2003","09","10","20:00","20.2","","12.0","","59","","18","","6","","24.1","","100.42","","","","","","Clear"
"2003-09-10 21:00","2003","09","10","21:00","19.5","","11.9","","61","","18","","4","","24.1","","100.42","","","","","","Clear"
"2003-09-10 22:00","2003","09","10","22:00","18.8","","12.4","","66","","29","","6","","24.1","","100.45","","","","","","Clear"
"2003-09-10 23:00","2003","09","10","23:00","18.1","","13.7","","75","","31","","6","","24.1","","100.44","","","","","","Clear"
"2003-09-11 00:00","2003","09","11","00:00","16.9","","13.8","","82","","33","","6","","24.1","","100.46","","","","","","Clear"
"2003-09-11 01:00","2003","09","11","01:00","17.2","","13.8","","80","","35","","9","","19.3","","100.47","","","","","","Clear"
"2003-09-11 02:00","2003","09","11","02:00","16.3","","13.1","","81","","33","","4","","19.3","","100.46","","","","","","Clear"
"2003-09-11 03:00","2003","09","11","03:00","16.0","","13.0","","82","","33","","9","","19.3","","100.45","","","","","","Clear"
"2003-09-11 04:00","2003","09","11","04:00","15.5","","12.9","","84","","","","0","","24.1","","100.45","","","","","","Clear"
"2003-09-11 05:00","2003","09","11","05:00","15.3","","12.7","","84","","34","","9","","24.1","","100.49","","","","","","Clear"
"2003-09-11 06:00","2003","09","11","06:00","15.4","","12.8","","84","","33","","9","","14.5","","100.53","","","","","","Clear"
"2003-09-11 07:00","2003","09","11","07:00","16.9","","13.0","","78","","35","","9","","16.1","","100.56","","","","","","Clear"
"2003-09-11 08:00","2003","09","11","08:00","18.8","","13.4","","71","","35","","11","","16.1","","100.58","","","","","","Clear"
"2003-09-11 09:00","2003","09","11","09:00","21.9","","13.0","","57","","1","","6","","19.3","","100.59","","25","","","","Clear"
"2003-09-11 10:00","2003","09","11","10:00","24.7","","11.5","","44","","2","","6","","19.3","","100.56","","27","","","","Clear"
"2003-09-11 11:00","2003","09","11","11:00","26.1","","10.0","","36","","34","","4","","24.1","","100.55","","27","","","","Clear"
"2003-09-11 12:00","2003","09","11","12:00","26.8","","12.4","","41","","14","","11","","24.1","","100.50","","29","","","","Clear"
"2003-09-11 13:00","2003","09","11","13:00","26.3","","13.0","","44","","12","","15","","24.1","","100.49","","29","","","","Clear"
"2003-09-11 14:00","2003","09","11","14:00","26.5","","11.5","","39","","15","","20","","24.1","","100.45","","29","","","","Clear"
"2003-09-11 15:00","2003","09","11","15:00","25.0","","12.8","","47","","14","","17","","24.1","","100.43","","28","","","","Clear"
"2003-09-11 16:00","2003","09","11","16:00","25.3","","13.6","","48","","11","","19","","24.1","","100.40","","28","","","","Clear"
"2003-09-11 17:00","2003","09","11","17:00","24.9","","13.4","","49","","12","","17","","24.1","","100.33","","28","","","","Clear"
"2003-09-11 18:00","2003","09","11","18:00","24.4","","12.7","","48","","10","","11","","24.1","","100.28","","27","","","","Clear"
"2003-09-11 19:00","2003","09","11","19:00","23.0","","12.6","","52","","10","","9","","24.1","","100.28","","26","","","","Clear"
"2003-09-11 20:00","2003","09","11","20:00","21.7","","12.5","","56","","11","","7","","24.1","","100.31","","","","","","Clear"
"2003-09-11 21:00","2003","09","11","21:00","21.1","","12.8","","59","","11","","6","","24.1","","100.32","","","","","","Clear"
"2003-09-11 22:00","2003","09","11","22:00","20.8","","14.2","","66","","11","","7","","24.1","","100.32","","","","","","Clear"
"2003-09-11 23:00","2003","09","11","23:00","20.6","","15.2","","71","","9","","6","","24.1","","100.35","","25","","","","Clear"
"2003-09-12 00:00","2003","09","12","00:00","20.2","","15.8","","76","","9","","6","","24.1","","100.33","","25","","","","Clear"
"2003-09-12 01:00","2003","09","12","01:00","18.9","","15.8","","82","","9","","4","","24.1","","100.31","","","","","","Clear"
"2003-09-12 02:00","2003","09","12","02:00","19.6","","16.5","","82","","10","","7","","24.1","","100.31","","","","","","Clear"
"2003-09-12 03:00","2003","09","12","03:00","19.1","","16.6","","85","","","","0","","24.1","","100.31","","","","","","Clear"
"2003-09-12 04:00","2003","09","12","04:00","18.9","","16.4","","85","","8","","6","","24.1","","100.29","","","","","","Clear"
"2003-09-12 05:00","2003","09","12","05:00","18.5","","16.4","","88","","10","","9","","24.1","","100.30","","","","","","Mainly Clear"
"2003-09-12 06:00","2003","09","12","06:00","18.3","","16.5","","89","","10","","7","","8.0","","100.32","","","","","","Fog"
"2003-09-12 07:00","2003","09","12","07:00","19.0","","17.1","","89","","9","","7","","8.0","","100.34","","","","","","Fog"
"2003-09-12 08:00","2003","09","12","08:00","20.6","","17.6","","83","","12","","11","","9.7","","100.35","","26","","","","Haze"
"2003-09-12 09:00","2003","09","12","09:00","21.9","","16.8","","73","","12","","17","","14.5","","100.37","","27","","","","Mainly Clear"
"2003-09-12 10:00","2003","09","12","10:00","22.3","","16.4","","69","","17","","17","","16.1","","100.36","","27","","","","Clear"
"2003-09-12 11:00","2003","09","12","11:00","23.7","","15.5","","60","","12","","19","","19.3","","100.31","","28","","","","Mainly Clear"
"2003-09-12 12:00","2003","09","12","12:00","23.9","","14.9","","57","","13","","20","","19.3","","100.28","","28","","","","Mainly Clear"
"2003-09-12 13:00","2003","09","12","13:00","24.2","","15.0","","56","","12","","17","","19.3","","100.21","","28","","","","Mainly Clear"
"2003-09-12 14:00","2003","09","12","14:00","23.5","","14.8","","58","","13","","17","","19.3","","100.11","","27","","","","Mostly Cloudy"
"2003-09-12 15:00","2003","09","12","15:00","23.6","","15.0","","59","","12","","17","","24.1","","100.05","","28","","","","Mostly Cloudy"
"2003-09-12 16:00","2003","09","12","16:00","23.5","","14.5","","57","","10","","24","","24.1","","100.02","","27","","","","Mostly Cloudy"
"2003-09-12 17:00","2003","09","12","17:00","23.1","","13.6","","55","","11","","26","","24.1","","100.03","","26","","","","Mainly Clear"
"2003-09-12 18:00","2003","09","12","18:00","22.2","","13.0","","56","","11","","24","","24.1","","99.99","","25","","","","Mostly Cloudy"
"2003-09-12 19:00","2003","09","12","19:00","21.0","","13.5","","62","","11","","19","","24.1","","100.00","","","","","","Mainly Clear"
"2003-09-12 20:00","2003","09","12","20:00","20.6","","13.8","","65","","12","","19","","24.1","","100.01","","","","","","Mainly Clear"
"2003-09-12 21:00","2003","09","12","21:00","20.2","","14.2","","68","","12","","19","","24.1","","100.03","","","","","","Mainly Clear"
"2003-09-12 22:00","2003","09","12","22:00","19.7","","14.6","","72","","13","","9","","24.1","","100.05","","","","","","Clear"
"2003-09-12 23:00","2003","09","12","23:00","19.1","","14.8","","76","","13","","9","","24.1","","100.07","","","","","","Clear"
"2003-09-13 00:00","2003","09","13","00:00","18.4","","14.2","","77","","16","","9","","24.1","","100.09","","","","","","Clear"
"2003-09-13 01:00","2003","09","13","01:00","18.1","","14.1","","77","","15","","7","","24.1","","100.12","","","","","","Clear"
"2003-09-13 02:00","2003","09","13","02:00","18.0","","14.2","","78","","16","","6","","24.1","","100.13","","","","","","Clear"
"2003-09-13 03:00","2003","09","13","03:00","17.3","","14.2","","82","","15","","6","","24.1","","100.14","","","","","","Clear"
"2003-09-13 04:00","2003","09","13","04:00","17.2","","13.8","","80","","16","","6","","24.1","","100.14","","","","","","Clear"
"2003-09-13 05:00","2003","09","13","05:00","17.2","","14.0","","81","","14","","4","","24.1","","100.15","","","","","","Mainly Clear"
"2003-09-13 06:00","2003","09","13","06:00","17.3","","14.1","","81","","","","0","","19.3","","100.19","","","","","","Mainly Clear"
"2003-09-13 07:00","2003","09","13","07:00","18.4","","14.5","","78","","14","","6","","19.3","","100.21","","","","","","Mainly Clear"
"2003-09-13 08:00","2003","09","13","08:00","20.3","","12.4","","60","","13","","11","","24.1","","100.21","","","","","","Mainly Clear"
"2003-09-13 09:00","2003","09","13","09:00","21.6","","12.8","","57","","12","","11","","24.1","","100.22","","","","","","Mainly Clear"
"2003-09-13 10:00","2003","09","13","10:00","22.0","","13.6","","59","","14","","15","","24.1","","100.20","","25","","","","Mainly Clear"
"2003-09-13 11:00","2003","09","13","11:00","23.8","","15.0","","58","","12","","11","","24.1","","100.16","","28","","","","Mainly Clear"
"2003-09-13 12:00","2003","09","13","12:00","23.5","","15.5","","61","","10","","13","","24.1","","100.14","","28","","","","Mainly Clear"
"2003-09-13 13:00","2003","09","13","13:00","23.8","","15.7","","60","","13","","13","","24.1","","100.11","","28","","","","Clear"
"2003-09-13 14:00","2003","09","13","14:00","23.2","","15.3","","61","","13","","17","","24.1","","100.07","","27","","","","Mostly Cloudy"
"2003-09-13 15:00","2003","09","13","15:00","22.7","","16.2","","67","","11","","19","","24.1","","100.03","","27","","","","Mostly Cloudy"
"2003-09-13 16:00","2003","09","13","16:00","22.2","","16.0","","68","","10","","19","","24.1","","100.04","","27","","","","Mostly Cloudy"
"2003-09-13 17:00","2003","09","13","17:00","20.7","","17.3","","81","","10","","20","","24.1","","100.01","","26","","","","Mostly Cloudy"
"2003-09-13 18:00","2003","09","13","18:00","20.5","","17.6","","83","","10","","19","","24.1","","100.01","","26","","","","Mostly Cloudy"
"2003-09-13 19:00","2003","09","13","19:00","20.1","","17.8","","87","","8","","20","","16.1","","100.01","","26","","","","Cloudy"
"2003-09-13 20:00","2003","09","13","20:00","20.1","","18.3","","89","","9","","19","","14.5","","100.00","","26","","","","Mostly Cloudy"
"2003-09-13 21:00","2003","09","13","21:00","20.6","","18.6","","88","","9","","19","","16.1","","99.98","","27","","","","Cloudy"
"2003-09-13 22:00","2003","09","13","22:00","20.7","","18.9","","89","","9","","15","","19.3","","99.97","","27","","","","Cloudy"
"2003-09-13 23:00","2003","09","13","23:00","20.8","","18.9","","89","","10","","11","","19.3","","99.94","","27","","","","Mostly Cloudy"
"2003-09-14 00:00","2003","09","14","00:00","20.6","","19.0","","91","","11","","11","","16.1","","99.93","","27","","","","Mostly Cloudy"
"2003-09-14 01:00","2003","09","14","01:00","20.5","","19.0","","91","","10","","9","","19.3","","99.92","","27","","","","Mostly Cloudy"
"2003-09-14 02:00","2003","09","14","02:00","20.3","","19.0","","92","","8","","6","","19.3","","99.89","","27","","","","Mostly Cloudy"
"2003-09-14 03:00","2003","09","14","03:00","20.1","","19.1","","94","","9","","7","","16.1","","99.85","","27","","","","Mostly Cloudy"
"2003-09-14 04:00","2003","09","14","04:00","20.0","","19.1","","95","","11","","6","","16.1","","99.85","","27","","","","Mostly Cloudy"
"2003-09-14 05:00","2003","09","14","05:00","20.2","","19.2","","94","","11","","9","","14.5","","99.83","","27","","","","Mostly Cloudy"
"2003-09-14 06:00","2003","09","14","06:00","20.5","","19.3","","93","","13","","7","","9.7","","99.84","","28","","","","Fog"
"2003-09-14 07:00","2003","09","14","07:00","20.8","","19.5","","92","","12","","13","","9.7","","99.83","","28","","","","Fog"
"2003-09-14 08:00","2003","09","14","08:00","20.9","","19.6","","92","","12","","13","","12.9","","99.84","","28","","","","Cloudy"
"2003-09-14 09:00","2003","09","14","09:00","21.3","","19.6","","90","","14","","11","","16.1","","99.83","","29","","","","Cloudy"
"2003-09-14 10:00","2003","09","14","10:00","22.3","","20.0","","87","","16","","19","","16.1","","99.80","","30","","","","Rain Showers"
"2003-09-14 11:00","2003","09","14","11:00","23.2","","19.8","","81","","16","","17","","16.1","","99.77","","31","","","","Cloudy"
"2003-09-14 12:00","2003","09","14","12:00","24.6","","19.3","","72","","19","","20","","16.1","","99.75","","32","","","","Cloudy"
"2003-09-14 13:00","2003","09","14","13:00","24.4","","19.6","","75","","19","","20","","19.3","","99.72","","32","","","","Cloudy"
"2003-09-14 14:00","2003","09","14","14:00","24.6","","19.5","","73","","18","","17","","16.1","","99.69","","32","","","","Cloudy"
"2003-09-14 15:00","2003","09","14","15:00","23.9","","19.6","","77","","16","","13","","16.1","","99.65","","31","","","","Cloudy"
"2003-09-14 16:00","2003","09","14","16:00","22.3","","19.8","","86","","16","","9","","19.3","","99.64","","30","","","","Cloudy"
"2003-09-14 17:00","2003","09","14","17:00","22.0","","19.7","","87","","16","","11","","19.3","","99.63","","29","","","","Cloudy"
"2003-09-14 18:00","2003","09","14","18:00","21.7","","19.2","","86","","16","","13","","19.3","","99.61","","29","","","","Mostly Cloudy"
"2003-09-14 19:00","2003","09","14","19:00","20.8","","19.2","","91","","15","","11","","19.3","","99.64","","28","","","","Mainly Clear"
"2003-09-14 20:00","2003","09","14","20:00","20.4","","19.4","","94","","15","","9","","14.5","","99.68","","27","","","","Mainly Clear"
"2003-09-14 21:00","2003","09","14","21:00","20.6","","20.0","","96","","15","","9","","8.0","","99.67","","28","","","","Fog"
"2003-09-14 22:00","2003","09","14","22:00","20.2","","19.6","","96","","13","","13","","8.0","","99.65","","27","","","","Fog"
"2003-09-14 23:00","2003","09","14","23:00","19.5","","18.7","","95","","12","","9","","9.7","","99.60","","","","","","Fog"
"2003-09-15 00:00","2003","09","15","00:00","19.2","","18.3","","95","","13","","9","","8.0","","99.56","","","","","","Fog"
"2003-09-15 01:00","2003","09","15","01:00","19.4","","18.6","","95","","13","","6","","6.4","","99.50","","","","","","Fog"
"2003-09-15 02:00","2003","09","15","02:00","20.0","","19.2","","95","","13","","11","","9.7","","99.48","","27","","","","Fog"
"2003-09-15 03:00","2003","09","15","03:00","20.5","","19.3","","93","","15","","11","","19.3","","99.40","","28","","","","Mostly Cloudy"
"2003-09-15 04:00","2003","09","15","04:00","20.3","","19.2","","93","","14","","9","","19.3","","99.38","","27","","","","Mostly Cloudy"
"2003-09-15 05:00","2003","09","15","05:00","20.4","","19.2","","93","","16","","9","","19.3","","99.38","","27","","","","Mostly Cloudy"
"2003-09-15 06:00","2003","09","15","06:00","20.2","","19.2","","94","","14","","11","","12.9","","99.36","","27","","","","Mostly Cloudy"
"2003-09-15 07:00","2003","09","15","07:00","20.8","","19.5","","92","","16","","15","","11.3","","99.35","","28","","","","Cloudy"
"2003-09-15 08:00","2003","09","15","08:00","20.6","","19.2","","92","","17","","15","","1.6","","99.37","","28","","","","Heavy Rain Showers"
"2003-09-15 09:00","2003","09","15","09:00","21.2","","19.7","","91","","16","","19","","9.7","","99.35","","29","","","","Fog"
"2003-09-15 10:00","2003","09","15","10:00","20.9","","19.4","","91","","19","","20","","8.0","","99.34","","28","","","","Rain"
"2003-09-15 11:00","2003","09","15","11:00","19.6","","18.0","","90","","22","","15","","9.7","","99.34","","","","","","Rain"
"2003-09-15 12:00","2003","09","15","12:00","19.1","","18.3","","95","","17","","9","","12.9","","99.32","","","","","","Rain"
"2003-09-15 13:00","2003","09","15","13:00","19.1","","18.6","","97","","18","","7","","8.0","","99.31","","","","","","Rain"
"2003-09-15 14:00","2003","09","15","14:00","18.9","","17.8","","93","","27","","19","","9.7","","99.30","","","","","","Rain"
"2003-09-15 15:00","2003","09","15","15:00","17.9","","15.9","","88","","28","","26","","19.3","","99.33","","","","","","Rain"
"2003-09-15 16:00","2003","09","15","16:00","17.1","","15.4","","90","","27","","22","","24.1","","99.35","","","","","","Rain"
"2003-09-15 17:00","2003","09","15","17:00","16.7","","15.3","","91","","27","","11","","24.1","","99.39","","","","","","Rain"
"2003-09-15 18:00","2003","09","15","18:00","16.7","","14.9","","89","","28","","11","","24.1","","99.43","","","","","","Mostly Cloudy"
"2003-09-15 19:00","2003","09","15","19:00","15.5","","14.4","","93","","25","","9","","24.1","","99.51","","","","","","Mainly Clear"
"2003-09-15 20:00","2003","09","15","20:00","15.1","","14.3","","95","","24","","4","","24.1","","99.58","","","","","","Clear"
"2003-09-15 21:00","2003","09","15","21:00","15.0","","11.6","","80","","31","","15","","24.1","","99.61","","","","","","Mostly Cloudy"
"2003-09-15 22:00","2003","09","15","22:00","14.3","","11.6","","84","","21","","9","","24.1","","99.63","","","","","","Mostly Cloudy"
"2003-09-15 23:00","2003","09","15","23:00","13.9","","12.0","","88","","23","","7","","24.1","","99.58","","","","","","Mainly Clear"
"2003-09-16 00:00","2003","09","16","00:00","12.9","","12.1","","95","","25","","11","","24.1","","99.59","","","","","","Clear"
"2003-09-16 01:00","2003","09","16","01:00","12.1","","11.3","","95","","26","","11","","24.1","","99.65","","","","","","Clear"
"2003-09-16 02:00","2003","09","16","02:00","12.5","","11.4","","93","","26","","17","","24.1","","99.67","","","","","","Clear"
"2003-09-16 03:00","2003","09","16","03:00","11.8","","10.9","","94","","27","","13","","24.1","","99.68","","","","","","Clear"
"2003-09-16 04:00","2003","09","16","04:00","11.0","","10.3","","95","","26","","9","","24.1","","99.72","","","","","","Clear"
"2003-09-16 05:00","2003","09","16","05:00","10.6","","9.8","","95","","26","","9","","24.1","","99.74","","","","","","Clear"
"2003-09-16 06:00","2003","09","16","06:00","11.0","","9.9","","93","","24","","9","","24.1","","99.78","","","","","","Mainly Clear"
"2003-09-16 07:00","2003","09","16","07:00","12.9","","11.2","","89","","27","","9","","24.1","","99.80","","","","","","Clear"
"2003-09-16 08:00","2003","09","16","08:00","15.3","","11.5","","78","","24","","13","","24.1","","99.81","","","","","","Clear"
"2003-09-16 09:00","2003","09","16","09:00","18.1","","11.5","","65","","25","","17","","24.1","","99.83","","","","","","Clear"
"2003-09-16 10:00","2003","09","16","10:00","20.4","","11.0","","55","","26","","22","","24.1","","99.84","","","","","","Clear"
"2003-09-16 11:00","2003","09","16","11:00","21.7","","9.5","","46","","29","","26","","24.1","","99.83","","","","","","Mainly Clear"
"2003-09-16 12:00","2003","09","16","12:00","23.4","","10.3","","44","","26","","22","","24.1","","99.83","","25","","","","Mostly Cloudy"
"2003-09-16 13:00","2003","09","16","13:00","23.3","","9.2","","41","","24","","28","","24.1","","99.81","","","","","","Mostly Cloudy"
"2003-09-16 14:00","2003","09","16","14:00","23.6","","8.5","","38","","26","","30","","24.1","","99.79","","","","","","Mostly Cloudy"
"2003-09-16 15:00","2003","09","16","15:00","24.0","","7.9","","36","","26","","28","","24.1","","99.79","","","","","","Mostly Cloudy"
"2003-09-16 16:00","2003","09","16","16:00","23.3","","9.2","","41","","27","","32","","24.1","","99.81","","","","","","Mainly Clear"
"2003-09-16 17:00","2003","09","16","17:00","22.2","","8.1","","40","","30","","26","","24.1","","99.84","","","","","","Clear"
"2003-09-16 18:00","2003","09","16","18:00","20.9","","7.8","","43","","29","","22","","24.1","","99.90","","","","","","Clear"
"2003-09-16 19:00","2003","09","16","19:00","18.8","","8.2","","50","","29","","13","","24.1","","99.96","","","","","","Clear"
"2003-09-16 20:00","2003","09","16","20:00","18.0","","8.3","","53","","30","","9","","24.1","","100.02","","","","","","Clear"
"2003-09-16 21:00","2003","09","16","21:00","17.6","","8.4","","55","","28","","4","","24.1","","100.07","","","","","","Clear"
"2003-09-16 22:00","2003","09","16","22:00","17.0","","8.5","","57","","25","","6","","24.1","","100.13","","","","","","Clear"
"2003-09-16 23:00","2003","09","16","23:00","14.4","","9.5","","72","","26","","9","","24.1","","100.19","","","","","","Clear"
"2003-09-17 00:00","2003","09","17","00:00","14.5","","9.9","","74","","31","","4","","24.1","","100.22","","","","","","Mainly Clear"
"2003-09-17 01:00","2003","09","17","01:00","15.2","","9.9","","71","","5","","6","","24.1","","100.25","","","","","","Mainly Clear"
"2003-09-17 02:00","2003","09","17","02:00","13.2","","10.4","","83","","2","","6","","24.1","","100.24","","","","","","Clear"
"2003-09-17 03:00","2003","09","17","03:00","12.8","","9.9","","83","","32","","4","","24.1","","100.27","","","","","","Clear"
"2003-09-17 04:00","2003","09","17","04:00","11.9","","9.5","","85","","27","","7","","24.1","","100.34","","","","","","Clear"
"2003-09-17 05:00","2003","09","17","05:00","12.2","","9.6","","84","","","","0","","24.1","","100.39","","","","","","Clear"
"2003-09-17 06:00","2003","09","17","06:00","13.2","","10.2","","82","","4","","6","","19.3","","100.46","","","","","","Mostly Cloudy"
"2003-09-17 07:00","2003","09","17","07:00","13.5","","11.5","","88","","","","0","","19.3","","100.51","","","","","","Mainly Clear"
"2003-09-17 08:00","2003","09","17","08:00","18.3","","14.9","","81","","13","","6","","16.1","","100.55","","","","","","Mainly Clear"
"2003-09-17 09:00","2003","09","17","09:00","20.2","","16.5","","79","","16","","15","","24.1","","100.57","","25","","","","Mainly Clear"
"2003-09-17 10:00","2003","09","17","10:00","21.1","","15.0","","68","","13","","15","","24.1","","100.60","","25","","","","Clear"
"2003-09-17 11:00","2003","09","17","11:00","22.2","","13.8","","59","","14","","13","","24.1","","100.62","","25","","","","Clear"
"2003-09-17 12:00","2003","09","17","12:00","23.2","","13.9","","56","","15","","13","","24.1","","100.60","","27","","","","Clear"
"2003-09-17 13:00","2003","09","17","13:00","24.0","","12.9","","50","","13","","17","","24.1","","100.57","","27","","","","Clear"
"2003-09-17 14:00","2003","09","17","14:00","24.0","","11.3","","45","","14","","15","","24.1","","100.57","","26","","","","Clear"
"2003-09-17 15:00","2003","09","17","15:00","23.7","","12.3","","49","","14","","15","","24.1","","100.51","","26","","","","Clear"
"2003-09-17 16:00","2003","09","17","16:00","23.2","","12.3","","50","","12","","17","","24.1","","100.51","","26","","","","Clear"
"2003-09-17 17:00","2003","09","17","17:00","22.5","","12.5","","53","","10","","17","","24.1","","100.52","","25","","","","Clear"
"2003-09-17 18:00","2003","09","17","18:00","21.5","","12.9","","58","","11","","11","","24.1","","100.55","","","","","","Clear"
"2003-09-17 19:00","2003","09","17","19:00","19.9","","12.9","","64","","9","","11","","24.1","","100.58","","","","","","Clear"
"2003-09-17 20:00","2003","09","17","20:00","18.9","","12.5","","66","","9","","7","","24.1","","100.61","","","","","","Clear"
"2003-09-17 21:00","2003","09","17","21:00","18.7","","11.7","","64","","9","","7","","24.1","","100.62","","","","","","Clear"
"2003-09-17 22:00","2003","09","17","22:00","18.1","","11.5","","65","","10","","6","","24.1","","100.65","","","","","","Clear"
"2003-09-17 23:00","2003","09","17","23:00","17.5","","12.6","","73","","11","","6","","24.1","","100.64","","","","","","Clear"
"2003-09-18 00:00","2003","09","18","00:00","16.4","","13.5","","83","","7","","4","","24.1","","100.61","","","","","","Clear"
"2003-09-18 01:00","2003","09","18","01:00","15.8","","13.7","","87","","","","0","","24.1","","100.60","","","","","","Clear"
"2003-09-18 02:00","2003","09","18","02:00","15.1","","12.9","","87","","","","0","","24.1","","100.58","","","","","","Clear"
"2003-09-18 03:00","2003","09","18","03:00","13.4","","12.0","","91","","","","0","","24.1","","100.57","","","","","","Clear"
"2003-09-18 04:00","2003","09","18","04:00","13.0","","10.7","","86","","","","0","","24.1","","100.57","","","","","","Clear"
"2003-09-18 05:00","2003","09","18","05:00","12.1","","10.5","","90","","2","","6","","24.1","","100.60","","","","","","Clear"
"2003-09-18 06:00","2003","09","18","06:00","12.6","","10.6","","88","","2","","9","","19.3","","100.65","","","","","","Mainly Clear"
"2003-09-18 07:00","2003","09","18","07:00","13.8","","12.1","","89","","2","","9","","19.3","","100.68","","","","","","Mainly Clear"
"2003-09-18 08:00","2003","09","18","08:00","18.5","","15.0","","80","","8","","20","","16.1","","100.67","","","","","","Mainly Clear"
"2003-09-18 09:00","2003","09","18","09:00","19.5","","14.8","","74","","10","","17","","24.1","","100.68","","","","","","Mostly Cloudy"
"2003-09-18 10:00","2003","09","18","10:00","20.5","","13.4","","64","","11","","13","","24.1","","100.64","","","","","","Mostly Cloudy"
"2003-09-18 11:00","2003","09","18","11:00","22.2","","13.3","","57","","13","","15","","24.1","","100.57","","25","","","","Mostly Cloudy"
"2003-09-18 12:00","2003","09","18","12:00","22.1","","11.9","","52","","9","","22","","24.1","","100.51","","","","","","Mostly Cloudy"
"2003-09-18 13:00","2003","09","18","13:00","22.3","","13.0","","56","","9","","19","","24.1","","100.48","","25","","","","Mostly Cloudy"
"2003-09-18 14:00","2003","09","18","14:00","21.7","","12.2","","55","","11","","26","","24.1","","100.45","","","","","","Mostly Cloudy"
"2003-09-18 15:00","2003","09","18","15:00","21.2","","12.5","","58","","11","","24","","24.1","","100.38","","","","","","Mostly Cloudy"
"2003-09-18 16:00","2003","09","18","16:00","20.9","","11.5","","55","","9","","28","","24.1","","100.31","","","","","","Mostly Cloudy"
"2003-09-18 17:00","2003","09","18","17:00","20.2","","12.1","","60","","9","","28","","24.1","","100.30","","","","","","Cloudy"
"2003-09-18 18:00","2003","09","18","18:00","19.8","","14.1","","70","","10","","17","","24.1","","100.30","","","","","","Cloudy"
"2003-09-18 19:00","2003","09","18","19:00","19.3","","14.7","","75","","10","","15","","24.1","","100.24","","","","","","Cloudy"
"2003-09-18 20:00","2003","09","18","20:00","19.5","","14.8","","74","","10","","11","","24.1","","100.19","","","","","","Cloudy"
"2003-09-18 21:00","2003","09","18","21:00","19.9","","13.8","","68","","9","","13","","24.1","","100.09","","","","","","Rain"
"2003-09-18 22:00","2003","09","18","22:00","18.1","","15.5","","85","","9","","9","","24.1","","99.98","","","","","","Cloudy"
"2003-09-18 23:00","2003","09","18","23:00","19.1","","15.7","","81","","7","","20","","24.1","","99.85","","","","","","Cloudy"
"2003-09-19 00:00","2003","09","19","00:00","19.5","","14.9","","75","","8","","22","","24.1","","99.70","","","","","","Cloudy"
"2003-09-19 01:00","2003","09","19","01:00","19.7","","14.4","","71","","9","","26","","24.1","","99.56","","","","","","Cloudy"
"2003-09-19 02:00","2003","09","19","02:00","19.5","","14.1","","71","","8","","26","","12.9","","99.45","","","","","","Rain Showers"
"2003-09-19 03:00","2003","09","19","03:00","18.5","","14.5","","78","","8","","22","","24.1","","99.28","","","","","","Rain Showers"
"2003-09-19 04:00","2003","09","19","04:00","18.3","","14.2","","77","","7","","26","","16.1","","99.14","","","","","","Rain Showers"
"2003-09-19 05:00","2003","09","19","05:00","18.1","","14.1","","77","","7","","24","","24.1","","98.97","","","","","","Cloudy"
"2003-09-19 06:00","2003","09","19","06:00","18.1","","14.2","","78","","7","","26","","19.3","","98.83","","","","","","Rain Showers"
"2003-09-19 07:00","2003","09","19","07:00","17.7","","14.6","","82","","7","","35","","12.9","","98.63","","","","","","Rain"
"2003-09-19 08:00","2003","09","19","08:00","16.8","","15.7","","93","","7","","41","","2.8","","98.43","","","","","","Heavy Rain,Fog"
"2003-09-19 09:00","2003","09","19","09:00","17.0","","16.6","","97","","9","","37","","3.2","","98.32","","","","","","Heavy Rain,Fog"
"2003-09-19 10:00","2003","09","19","10:00","17.7","","17.5","","99","","10","","44","","6.4","","98.21","","","","","","Rain,Fog"
"2003-09-19 11:00","2003","09","19","11:00","17.7","","17.4","","98","","10","","35","","6.4","","98.14","","","","","","Rain,Fog"
"2003-09-19 12:00","2003","09","19","12:00","17.7","","17.4","","98","","11","","28","","4.8","","98.10","","","","","","Rain,Fog"
"2003-09-19 13:00","2003","09","19","13:00","18.1","","17.7","","98","","13","","19","","3.2","","98.09","","","","","","Rain,Fog"
"2003-09-19 14:00","2003","09","19","14:00","18.1","","17.8","","98","","15","","15","","6.4","","98.09","","","","","","Rain,Fog"
"2003-09-19 15:00","2003","09","19","15:00","19.1","","19.0","","99","","18","","11","","4.0","","98.15","","","","","","Rain,Fog"
"2003-09-19 16:00","2003","09","19","16:00","18.3","","17.4","","94","","26","","28","","16.1","","98.32","","","","","","Rain"
"2003-09-19 17:00","2003","09","19","17:00","17.5","","16.3","","93","","26","","28","","24.1","","98.53","","","","","","Cloudy"
"2003-09-19 18:00","2003","09","19","18:00","18.8","","16.2","","85","","26","","22","","24.1","","98.75","","","","","","Mostly Cloudy"
"2003-09-19 19:00","2003","09","19","19:00","18.3","","16.0","","86","","24","","19","","24.1","","98.88","","","","","","Mostly Cloudy"
"2003-09-19 20:00","2003","09","19","20:00","18.7","","16.4","","86","","21","","11","","19.3","","99.01","","","","","","Rain Showers"
"2003-09-19 21:00","2003","09","19","21:00","18.6","","16.3","","86","","26","","22","","24.1","","99.12","","","","","","Mostly Cloudy"
"2003-09-19 22:00","2003","09","19","22:00","17.8","","14.5","","81","","28","","26","","24.1","","99.24","","","","","","Cloudy"
"2003-09-19 23:00","2003","09","19","23:00","17.0","","12.8","","76","","27","","24","","24.1","","99.34","","","","","","Cloudy"
"2003-09-20 00:00","2003","09","20","00:00","15.6","","11.4","","76","","28","","17","","24.1","","99.43","","","","","","Mostly Cloudy"
"2003-09-20 01:00","2003","09","20","01:00","13.8","","10.2","","79","","24","","13","","24.1","","99.55","","","","","","Clear"
"2003-09-20 02:00","2003","09","20","02:00","13.3","","9.8","","79","","23","","13","","24.1","","99.64","","","","","","Clear"
"2003-09-20 03:00","2003","09","20","03:00","13.0","","9.6","","80","","22","","13","","24.1","","99.69","","","","","","Clear"
"2003-09-20 04:00","2003","09","20","04:00","12.2","","9.8","","85","","23","","13","","24.1","","99.75","","","","","","Clear"
"2003-09-20 05:00","2003","09","20","05:00","11.8","","9.6","","86","","23","","15","","24.1","","99.84","","","","","","Clear"
"2003-09-20 06:00","2003","09","20","06:00","11.3","","9.1","","86","","24","","15","","24.1","","99.90","","","","","","Clear"
"2003-09-20 07:00","2003","09","20","07:00","11.6","","9.5","","87","","25","","17","","24.1","","99.98","","","","","","Clear"
"2003-09-20 08:00","2003","09","20","08:00","13.5","","10.1","","80","","24","","15","","24.1","","100.05","","","","","","Clear"
"2003-09-20 09:00","2003","09","20","09:00","15.6","","10.6","","72","","25","","19","","24.1","","100.13","","","","","","Clear"
"2003-09-20 10:00","2003","09","20","10:00","16.9","","9.7","","63","","26","","19","","24.1","","100.14","","","","","","Mostly Cloudy"
"2003-09-20 11:00","2003","09","20","11:00","17.7","","8.2","","54","","25","","22","","24.1","","100.16","","","","","","Mostly Cloudy"
"2003-09-20 12:00","2003","09","20","12:00","18.8","","8.5","","51","","25","","20","","24.1","","100.17","","","","","","Mostly Cloudy"
"2003-09-20 13:00","2003","09","20","13:00","18.5","","7.6","","49","","27","","17","","24.1","","100.17","","","","","","Mostly Cloudy"
"2003-09-20 14:00","2003","09","20","14:00","18.4","","7.8","","50","","27","","20","","24.1","","100.16","","","","","","Mostly Cloudy"
"2003-09-20 15:00","2003","09","20","15:00","19.1","","7.2","","46","","27","","13","","24.1","","100.17","","","","","","Mainly Clear"
"2003-09-20 16:00","2003","09","20","16:00","19.8","","7.9","","46","","24","","19","","24.1","","100.18","","","","","","Mainly Clear"
"2003-09-20 17:00","2003","09","20","17:00","19.2","","7.5","","47","","28","","17","","24.1","","100.22","","","","","","Mainly Clear"
"2003-09-20 18:00","2003","09","20","18:00","17.4","","7.5","","52","","27","","13","","24.1","","100.26","","","","","","Clear"
"2003-09-20 19:00","2003","09","20","19:00","15.5","","7.9","","61","","28","","11","","24.1","","100.31","","","","","","Clear"
"2003-09-20 20:00","2003","09","20","20:00","15.5","","9.1","","66","","34","","19","","24.1","","100.40","","","","","","Clear"
"2003-09-20 21:00","2003","09","20","21:00","13.8","","9.8","","77","","36","","15","","24.1","","100.44","","","","","","Clear"
"2003-09-20 22:00","2003","09","20","22:00","12.8","","9.9","","83","","2","","11","","24.1","","100.46","","","","","","Clear"
"2003-09-20 23:00","2003","09","20","23:00","12.2","","9.6","","84","","35","","11","","24.1","","100.50","","","","","","Clear"
"2003-09-21 00:00","2003","09","21","00:00","11.0","","8.9","","87","","35","","4","","24.1","","100.53","","","","","","Clear"
"2003-09-21 01:00","2003","09","21","01:00","11.1","","9.2","","88","","32","","6","","24.1","","100.55","","","","","","Clear"
"2003-09-21 02:00","2003","09","21","02:00","10.5","","8.8","","89","","31","","7","","24.1","","100.58","","","","","","Clear"
"2003-09-21 03:00","2003","09","21","03:00","9.9","","8.4","","90","","32","","9","","24.1","","100.59","","","","","","Clear"
"2003-09-21 04:00","2003","09","21","04:00","9.6","","7.5","","87","","32","","4","","24.1","","100.60","","","","","","Clear"
"2003-09-21 05:00","2003","09","21","05:00","8.6","","7.2","","91","","36","","4","","19.3","","100.64","","","","","","Clear"
"2003-09-21 06:00","2003","09","21","06:00","9.0","","7.1","","88","","","","0","","24.1","","100.65","","","","","","Clear"
"2003-09-21 07:00","2003","09","21","07:00","10.1","","8.1","","87","","32","","6","","24.1","","100.69","","","","","","Clear"
"2003-09-21 08:00","2003","09","21","08:00","12.7","","9.3","","80","","32","","9","","24.1","","100.74","","","","","","Clear"
"2003-09-21 09:00","2003","09","21","09:00","14.9","","10.6","","75","","4","","6","","24.1","","100.73","","","","","","Clear"
"2003-09-21 10:00","2003","09","21","10:00","16.6","","9.8","","64","","11","","4","","24.1","","100.67","","","","","","Mostly Cloudy"
"2003-09-21 11:00","2003","09","21","11:00","16.7","","10.1","","65","","9","","7","","24.1","","100.63","","","","","","Mostly Cloudy"
"2003-09-21 12:00","2003","09","21","12:00","18.5","","11.0","","62","","16","","15","","24.1","","100.57","","","","","","Mostly Cloudy"
"2003-09-21 13:00","2003","09","21","13:00","17.7","","9.9","","60","","14","","11","","24.1","","100.54","","","","","","Mainly Clear"
"2003-09-21 14:00","2003","09","21","14:00","18.2","","9.6","","57","","15","","13","","24.1","","100.47","","","","","","Clear"
"2003-09-21 15:00","2003","09","21","15:00","18.6","","8.5","","52","","9","","11","","24.1","","100.42","","","","","","Clear"
"2003-09-21 16:00","2003","09","21","16:00","19.1","","5.1","","40","","7","","13","","24.1","","100.32","","","","","","Clear"
"2003-09-21 17:00","2003","09","21","17:00","18.7","","8.3","","51","","14","","9","","24.1","","100.32","","","","","","Clear"
"2003-09-21 18:00","2003","09","21","18:00","17.1","","9.9","","63","","13","","11","","24.1","","100.31","","","","","","Mainly Clear"
"2003-09-21 19:00","2003","09","21","19:00","16.3","","9.9","","66","","10","","9","","24.1","","100.31","","","","","","Clear"
"2003-09-21 20:00","2003","09","21","20:00","15.5","","10.5","","72","","10","","9","","24.1","","100.33","","","","","","Clear"
"2003-09-21 21:00","2003","09","21","21:00","15.1","","11.0","","76","","10","","7","","24.1","","100.30","","","","","","Clear"
"2003-09-21 22:00","2003","09","21","22:00","15.0","","11.1","","77","","10","","7","","24.1","","100.24","","","","","","Clear"
"2003-09-21 23:00","2003","09","21","23:00","15.0","","11.4","","79","","10","","11","","24.1","","100.22","","","","","","Clear"
"2003-09-22 00:00","2003","09","22","00:00","15.6","","11.4","","76","","10","","17","","24.1","","100.14","","","","","","Clear"
"2003-09-22 01:00","2003","09","22","01:00","15.1","","11.6","","80","","10","","15","","24.1","","100.06","","","","","","Clear"
"2003-09-22 02:00","2003","09","22","02:00","15.7","","11.5","","76","","10","","20","","24.1","","99.97","","","","","","Mostly Cloudy"
"2003-09-22 03:00","2003","09","22","03:00","15.4","","12.1","","81","","11","","17","","24.1","","99.90","","","","","","Mostly Cloudy"
"2003-09-22 04:00","2003","09","22","04:00","15.4","","12.2","","81","","9","","13","","24.1","","99.77","","","","","","Cloudy"
"2003-09-22 05:00","2003","09","22","05:00","15.3","","12.8","","85","","9","","9","","24.1","","99.75","","","","","","Mostly Cloudy"
"2003-09-22 06:00","2003","09","22","06:00","15.1","","13.1","","88","","11","","6","","19.3","","99.73","","","","","","Cloudy"
"2003-09-22 07:00","2003","09","22","07:00","15.3","","13.2","","87","","9","","11","","14.5","","99.59","","","","","","Cloudy"
"2003-09-22 08:00","2003","09","22","08:00","15.9","","13.8","","87","","12","","11","","14.5","","99.56","","","","","","Cloudy"
"2003-09-22 09:00","2003","09","22","09:00","16.4","","14.2","","87","","12","","9","","11.3","","99.44","","","","","","Cloudy"
"2003-09-22 10:00","2003","09","22","10:00","16.8","","14.8","","88","","8","","9","","9.7","","99.33","","","","","","Fog"
"2003-09-22 11:00","2003","09","22","11:00","16.7","","15.5","","93","","8","","13","","6.4","","99.22","","","","","","Rain,Fog"
"2003-09-22 12:00","2003","09","22","12:00","16.9","","16.1","","95","","10","","17","","4.8","","99.12","","","","","","Fog"
"2003-09-22 13:00","2003","09","22","13:00","18.4","","16.9","","91","","11","","17","","4.8","","98.99","","","","","","Fog"
"2003-09-22 14:00","2003","09","22","14:00","18.4","","17.4","","94","","12","","17","","3.6","","98.84","","","","","","Rain,Fog"
"2003-09-22 15:00","2003","09","22","15:00","18.2","","17.3","","94","","12","","24","","3.2","","98.66","","","","","","Moderate Rain,Fog"
"2003-09-22 16:00","2003","09","22","16:00","17.7","","16.9","","95","","12","","32","","2.4","","98.49","","","","","","Heavy Rain,Fog"
"2003-09-22 17:00","2003","09","22","17:00","17.6","","17.0","","96","","13","","37","","2.0","","98.32","","","","","","Moderate Rain,Fog"
"2003-09-22 18:00","2003","09","22","18:00","17.8","","17.4","","98","","16","","24","","2.0","","98.23","","","","","","Moderate Rain,Fog"
"2003-09-22 19:00","2003","09","22","19:00","19.2","","18.4","","95","","17","","41","","9.7","","98.18","","","","","","Rain,Fog"
"2003-09-22 20:00","2003","09","22","20:00","19.5","","17.3","","87","","21","","33","","16.1","","98.22","","","","","","Cloudy"
"2003-09-22 21:00","2003","09","22","21:00","17.7","","15.2","","85","","24","","26","","24.1","","98.37","","","","","","Mainly Clear"
"2003-09-22 22:00","2003","09","22","22:00","17.2","","14.8","","86","","25","","19","","24.1","","98.43","","","","","","Mainly Clear"
"2003-09-22 23:00","2003","09","22","23:00","16.4","","14.1","","86","","26","","17","","24.1","","98.50","","","","","","Mainly Clear"
"2003-09-23 00:00","2003","09","23","00:00","15.7","","14.2","","91","","23","","11","","24.1","","98.49","","","","","","Mainly Clear"
"2003-09-23 01:00","2003","09","23","01:00","15.7","","14.2","","91","","23","","15","","24.1","","98.49","","","","","","Mostly Cloudy"
"2003-09-23 02:00","2003","09","23","02:00","15.0","","13.8","","93","","25","","11","","24.1","","98.50","","","","","","Mainly Clear"
"2003-09-23 03:00","2003","09","23","03:00","14.9","","13.1","","89","","25","","13","","19.3","","98.50","","","","","","Mostly Cloudy"
"2003-09-23 04:00","2003","09","23","04:00","14.3","","12.5","","89","","24","","17","","19.3","","98.54","","","","","","Mainly Clear"
"2003-09-23 05:00","2003","09","23","05:00","13.2","","11.9","","92","","24","","9","","19.3","","98.54","","","","","","Clear"
"2003-09-23 06:00","2003","09","23","06:00","13.2","","11.8","","91","","24","","19","","12.9","","98.55","","","","","","Clear"
"2003-09-23 07:00","2003","09","23","07:00","13.5","","12.0","","91","","22","","11","","8.0","","98.58","","","","","","Fog"
"2003-09-23 08:00","2003","09","23","08:00","13.8","","12.2","","90","","24","","13","","9.7","","98.60","","","","","","Fog"
"2003-09-23 09:00","2003","09","23","09:00","16.3","","12.9","","80","","26","","20","","16.1","","98.61","","","","","","Mainly Clear"
"2003-09-23 10:00","2003","09","23","10:00","17.4","","12.2","","72","","25","","35","","19.3","","98.62","","","","","","Mostly Cloudy"
"2003-09-23 11:00","2003","09","23","11:00","17.1","","11.3","","69","","26","","24","","24.1","","98.64","","","","","","Mostly Cloudy"
"2003-09-23 12:00","2003","09","23","12:00","18.5","","10.2","","58","","27","","43","","24.1","","98.66","","","","","","Mostly Cloudy"
"2003-09-23 13:00","2003","09","23","13:00","17.4","","9.2","","59","","30","","39","","24.1","","98.73","","","","","","Mainly Clear"
"2003-09-23 14:00","2003","09","23","14:00","17.3","","8.1","","55","","28","","35","","24.1","","98.77","","","","","","Mostly Cloudy"
"2003-09-23 15:00","2003","09","23","15:00","17.5","","8.4","","55","","27","","41","","24.1","","98.83","","","","","","Mostly Cloudy"
"2003-09-23 16:00","2003","09","23","16:00","17.6","","8.3","","54","","26","","28","","24.1","","98.85","","","","","","Mostly Cloudy"
"2003-09-23 17:00","2003","09","23","17:00","17.8","","8.4","","54","","27","","24","","24.1","","98.90","","","","","","Mostly Cloudy"
"2003-09-23 18:00","2003","09","23","18:00","16.5","","9.0","","61","","27","","20","","24.1","","98.98","","","","","","Mostly Cloudy"
"2003-09-23 19:00","2003","09","23","19:00","15.4","","9.4","","67","","27","","11","","24.1","","99.05","","","","","","Mostly Cloudy"
"2003-09-23 20:00","2003","09","23","20:00","14.6","","9.4","","71","","26","","11","","24.1","","99.13","","","","","","Mainly Clear"
"2003-09-23 21:00","2003","09","23","21:00","13.2","","9.3","","77","","24","","11","","24.1","","99.19","","","","","","Mainly Clear"
"2003-09-23 22:00","2003","09","23","22:00","13.8","","9.8","","77","","24","","9","","24.1","","99.23","","","","","","Mostly Cloudy"
"2003-09-23 23:00","2003","09","23","23:00","13.8","","9.9","","77","","25","","6","","24.1","","99.27","","","","","","Cloudy"
"2003-09-24 00:00","2003","09","24","00:00","12.1","","9.0","","81","","27","","9","","24.1","","99.31","","","","","","Mainly Clear"
"2003-09-24 01:00","2003","09","24","01:00","10.7","","8.3","","85","","27","","9","","24.1","","99.33","","","","","","Clear"
"2003-09-24 02:00","2003","09","24","02:00","10.3","","8.2","","87","","25","","13","","24.1","","99.39","","","","","","Mainly Clear"
"2003-09-24 03:00","2003","09","24","03:00","10.0","","8.1","","88","","24","","13","","24.1","","99.41","","","","","","Clear"
"2003-09-24 04:00","2003","09","24","04:00","10.0","","7.9","","87","","25","","13","","24.1","","99.46","","","","","","Clear"
"2003-09-24 05:00","2003","09","24","05:00","9.6","","7.5","","87","","29","","6","","24.1","","99.48","","","","","","Clear"
"2003-09-24 06:00","2003","09","24","06:00","9.3","","7.7","","90","","26","","13","","19.3","","99.54","","","","","","Mainly Clear"
"2003-09-24 07:00","2003","09","24","07:00","10.5","","8.5","","87","","25","","7","","19.3","","99.57","","","","","","Mostly Cloudy"
"2003-09-24 08:00","2003","09","24","08:00","13.3","","8.6","","73","","24","","13","","24.1","","99.55","","","","","","Mostly Cloudy"
"2003-09-24 09:00","2003","09","24","09:00","16.5","","8.3","","58","","22","","17","","24.1","","99.54","","","","","","Mostly Cloudy"
"2003-09-24 10:00","2003","09","24","10:00","17.8","","7.9","","52","","18","","24","","24.1","","99.56","","","","","","Mainly Clear"
"2003-09-24 11:00","2003","09","24","11:00","18.8","","10.5","","59","","17","","22","","24.1","","99.48","","","","","","Mainly Clear"
"2003-09-24 12:00","2003","09","24","12:00","20.4","","9.6","","50","","19","","28","","24.1","","99.38","","","","","","Mostly Cloudy"
"2003-09-24 13:00","2003","09","24","13:00","20.5","","10.0","","51","","19","","20","","24.1","","99.29","","","","","","Mostly Cloudy"
"2003-09-24 14:00","2003","09","24","14:00","21.3","","8.5","","44","","21","","30","","24.1","","99.17","","","","","","Mostly Cloudy"
"2003-09-24 15:00","2003","09","24","15:00","19.8","","8.4","","48","","19","","20","","24.1","","99.10","","","","","","Cloudy"
"2003-09-24 16:00","2003","09","24","16:00","19.6","","9.0","","50","","18","","22","","24.1","","98.99","","","","","","Cloudy"
"2003-09-24 17:00","2003","09","24","17:00","19.2","","8.7","","51","","19","","22","","24.1","","98.94","","","","","","Cloudy"
"2003-09-24 18:00","2003","09","24","18:00","19.1","","9.9","","55","","19","","17","","24.1","","98.92","","","","","","Cloudy"
"2003-09-24 19:00","2003","09","24","19:00","19.1","","10.1","","56","","19","","17","","24.1","","98.84","","","","","","Mostly Cloudy"
"2003-09-24 20:00","2003","09","24","20:00","18.9","","10.7","","59","","18","","17","","24.1","","98.73","","","","","","Mostly Cloudy"
"2003-09-24 21:00","2003","09","24","21:00","18.9","","11.7","","63","","19","","19","","24.1","","98.67","","","","","","Cloudy"
"2003-09-24 22:00","2003","09","24","22:00","17.7","","13.4","","76","","22","","20","","24.1","","98.71","","","","","","Rain"
"2003-09-24 23:00","2003","09","24","23:00","17.1","","13.8","","81","","20","","24","","24.1","","98.59","","","","","","Rain"
"2003-09-25 00:00","2003","09","25","00:00","17.2","","13.9","","81","","20","","24","","24.1","","98.58","","","","","","Cloudy"
"2003-09-25 01:00","2003","09","25","01:00","16.8","","13.9","","83","","20","","19","","24.1","","98.51","","","","","","Mostly Cloudy"
"2003-09-25 02:00","2003","09","25","02:00","17.2","","14.1","","82","","21","","22","","24.1","","98.45","","","","","","Cloudy"
"2003-09-25 03:00","2003","09","25","03:00","12.4","","11.2","","92","","32","","30","","24.1","","98.59","","","","","","Rain"
"2003-09-25 04:00","2003","09","25","04:00","12.4","","11.4","","94","","32","","7","","24.1","","98.63","","","","","","Cloudy"
"2003-09-25 05:00","2003","09","25","05:00","12.2","","10.4","","89","","29","","17","","24.1","","98.73","","","","","","Mainly Clear"
"2003-09-25 06:00","2003","09","25","06:00","10.2","","8.5","","89","","27","","11","","24.1","","98.86","","","","","","Mainly Clear"
"2003-09-25 07:00","2003","09","25","07:00","11.4","","9.6","","89","","24","","13","","24.1","","98.99","","","","","","Mainly Clear"
"2003-09-25 08:00","2003","09","25","08:00","12.9","","8.8","","76","","25","","24","","24.1","","99.08","","","","","","Clear"
"2003-09-25 09:00","2003","09","25","09:00","14.2","","7.3","","63","","27","","28","","24.1","","99.17","","","","","","Clear"
"2003-09-25 10:00","2003","09","25","10:00","14.9","","5.7","","54","","27","","32","","24.1","","99.23","","","","","","Mostly Cloudy"
"2003-09-25 11:00","2003","09","25","11:00","14.6","","5.3","","54","","28","","33","","24.1","","99.27","","","","","","Mostly Cloudy"
"2003-09-25 12:00","2003","09","25","12:00","15.6","","5.2","","50","","27","","28","","24.1","","99.32","","","","","","Mainly Clear"
"2003-09-25 13:00","2003","09","25","13:00","16.6","","4.6","","45","","27","","24","","24.1","","99.34","","","","","","Mostly Cloudy"
"2003-09-25 14:00","2003","09","25","14:00","17.1","","4.5","","43","","28","","33","","24.1","","99.33","","","","","","Mostly Cloudy"
"2003-09-25 15:00","2003","09","25","15:00","16.2","","4.6","","46","","29","","37","","24.1","","99.36","","","","","","Mostly Cloudy"
"2003-09-25 16:00","2003","09","25","16:00","16.2","","5.1","","48","","28","","24","","24.1","","99.45","","","","","","Mostly Cloudy"
"2003-09-25 17:00","2003","09","25","17:00","14.8","","4.4","","50","","31","","20","","24.1","","99.52","","","","","","Mostly Cloudy"
"2003-09-25 18:00","2003","09","25","18:00","13.7","","4.6","","54","","31","","19","","24.1","","99.59","","","","","","Mostly Cloudy"
"2003-09-25 19:00","2003","09","25","19:00","11.8","","5.2","","64","","28","","15","","24.1","","99.63","","","","","","Mostly Cloudy"
"2003-09-25 20:00","2003","09","25","20:00","9.8","","5.1","","73","","27","","9","","24.1","","99.68","","","","","","Clear"
"2003-09-25 21:00","2003","09","25","21:00","9.6","","5.5","","76","","28","","11","","24.1","","99.67","","","","","","Clear"
"2003-09-25 22:00","2003","09","25","22:00","9.5","","5.8","","78","","31","","9","","24.1","","99.64","","","","","","Mainly Clear"
"2003-09-25 23:00","2003","09","25","23:00","8.3","","5.4","","82","","27","","9","","24.1","","99.64","","","","","","Mainly Clear"
"2003-09-26 00:00","2003","09","26","00:00","9.0","","5.4","","78","","34","","6","","24.1","","99.61","","","","","","Clear"
"2003-09-26 01:00","2003","09","26","01:00","7.7","","5.5","","86","","2","","7","","24.1","","99.65","","","","","","Mainly Clear"
"2003-09-26 02:00","2003","09","26","02:00","7.6","","5.3","","85","","","","0","","24.1","","99.65","","","","","","Mostly Cloudy"
"2003-09-26 03:00","2003","09","26","03:00","9.0","","5.7","","80","","","","0","","24.1","","99.66","","","","","","Mostly Cloudy"
"2003-09-26 04:00","2003","09","26","04:00","9.0","","6.4","","84","","2","","4","","24.1","","99.70","","","","","","Mostly Cloudy"
"2003-09-26 05:00","2003","09","26","05:00","8.7","","6.2","","84","","3","","6","","24.1","","99.70","","","","","","Mostly Cloudy"
"2003-09-26 06:00","2003","09","26","06:00","8.1","","5.8","","85","","36","","4","","24.1","","99.69","","","","","","Mostly Cloudy"
"2003-09-26 07:00","2003","09","26","07:00","9.7","","7.0","","83","","36","","4","","24.1","","99.68","","","","","","Mostly Cloudy"
"2003-09-26 08:00","2003","09","26","08:00","11.9","","6.7","","70","","6","","7","","24.1","","99.64","","","","","","Mostly Cloudy"
"2003-09-26 09:00","2003","09","26","09:00","14.2","","9.2","","72","","12","","11","","24.1","","99.62","","","","","","Mostly Cloudy"
"2003-09-26 10:00","2003","09","26","10:00","15.5","","8.0","","61","","14","","11","","24.1","","99.57","","","","","","Mostly Cloudy"
"2003-09-26 11:00","2003","09","26","11:00","16.0","","9.0","","63","","14","","17","","24.1","","99.57","","","","","","Mostly Cloudy"
"2003-09-26 12:00","2003","09","26","12:00","17.3","","8.7","","57","","16","","15","","24.1","","99.49","","","","","","Mainly Clear"
"2003-09-26 13:00","2003","09","26","13:00","17.3","","9.1","","59","","16","","15","","24.1","","99.38","","","","","","Mainly Clear"
"2003-09-26 14:00","2003","09","26","14:00","17.2","","8.8","","58","","12","","15","","24.1","","99.33","","","","","","Mostly Cloudy"
"2003-09-26 15:00","2003","09","26","15:00","17.4","","8.5","","56","","11","","17","","24.1","","99.28","","","","","","Mostly Cloudy"
"2003-09-26 16:00","2003","09","26","16:00","16.8","","8.6","","58","","10","","17","","24.1","","99.24","","","","","","Mostly Cloudy"
"2003-09-26 17:00","2003","09","26","17:00","16.5","","9.5","","63","","10","","15","","24.1","","99.14","","","","","","Mostly Cloudy"
"2003-09-26 18:00","2003","09","26","18:00","15.9","","10.2","","69","","10","","24","","24.1","","99.08","","","","","","Mostly Cloudy"
"2003-09-26 19:00","2003","09","26","19:00","15.6","","11.1","","75","","10","","22","","24.1","","99.01","","","","","","Mostly Cloudy"
"2003-09-26 20:00","2003","09","26","20:00","16.0","","12.4","","79","","10","","24","","24.1","","98.87","","","","","","Mostly Cloudy"
"2003-09-26 21:00","2003","09","26","21:00","16.3","","12.8","","80","","12","","15","","24.1","","98.81","","","","","","Mostly Cloudy"
"2003-09-26 22:00","2003","09","26","22:00","16.3","","13.1","","81","","13","","17","","24.1","","98.73","","","","","","Mostly Cloudy"
"2003-09-26 23:00","2003","09","26","23:00","16.8","","12.7","","77","","13","","20","","24.1","","98.63","","","","","","Cloudy"
"2003-09-27 00:00","2003","09","27","00:00","16.8","","13.8","","82","","13","","17","","19.3","","98.49","","","","","","Cloudy"
"2003-09-27 01:00","2003","09","27","01:00","16.1","","15.4","","96","","16","","15","","9.7","","98.40","","","","","","Rain Showers,Fog"
"2003-09-27 02:00","2003","09","27","02:00","17.1","","16.6","","97","","15","","19","","8.0","","98.25","","","","","","Rain Showers,Fog"
"2003-09-27 03:00","2003","09","27","03:00","16.6","","16.4","","99","","16","","11","","8.0","","98.08","","","","","","Rain Showers,Fog"
"2003-09-27 04:00","2003","09","27","04:00","16.7","","16.4","","98","","20","","19","","8.0","","98.17","","","","","","Rain Showers,Fog"
"2003-09-27 05:00","2003","09","27","05:00","16.4","","15.7","","96","","19","","20","","9.7","","98.16","","","","","","Rain Showers,Fog"
"2003-09-27 06:00","2003","09","27","06:00","15.8","","15.2","","96","","18","","20","","12.9","","98.20","","","","","","Rain"
"2003-09-27 07:00","2003","09","27","07:00","16.0","","15.5","","97","","18","","20","","11.3","","98.23","","","","","","Rain"
"2003-09-27 08:00","2003","09","27","08:00","16.5","","16.0","","97","","18","","20","","24.1","","98.18","","","","","","Rain"
"2003-09-27 09:00","2003","09","27","09:00","17.0","","16.3","","96","","18","","22","","8.0","","98.25","","","","","","Rain"
"2003-09-27 10:00","2003","09","27","10:00","17.0","","16.6","","97","","22","","11","","16.1","","98.34","","","","","","Rain"
"2003-09-27 11:00","2003","09","27","11:00","15.2","","14.1","","93","","25","","11","","19.3","","98.43","","","","","","Cloudy"
"2003-09-27 12:00","2003","09","27","12:00","15.8","","13.5","","86","","23","","13","","24.1","","98.49","","","","","","Cloudy"
"2003-09-27 13:00","2003","09","27","13:00","16.7","","13.2","","80","","22","","13","","24.1","","98.52","","","","","","Mostly Cloudy"
"2003-09-27 14:00","2003","09","27","14:00","16.9","","11.9","","72","","22","","20","","24.1","","98.53","","","","","","Mostly Cloudy"
"2003-09-27 15:00","2003","09","27","15:00","17.1","","11.3","","69","","22","","19","","24.1","","98.55","","","","","","Mostly Cloudy"
"2003-09-27 16:00","2003","09","27","16:00","17.8","","11.0","","64","","21","","19","","24.1","","98.55","","","","","","Mostly Cloudy"
"2003-09-27 17:00","2003","09","27","17:00","17.5","","9.6","","60","","22","","17","","24.1","","98.58","","","","","","Cloudy"
"2003-09-27 18:00","2003","09","27","18:00","16.5","","9.3","","62","","22","","13","","24.1","","98.58","","","","","","Mostly Cloudy"
"2003-09-27 19:00","2003","09","27","19:00","15.4","","9.8","","69","","22","","13","","24.1","","98.64","","","","","","Mostly Cloudy"
"2003-09-27 20:00","2003","09","27","20:00","15.0","","10.0","","72","","21","","15","","24.1","","98.73","","","","","","Mostly Cloudy"
"2003-09-27 21:00","2003","09","27","21:00","14.2","","9.9","","75","","22","","11","","24.1","","98.78","","","","","","Mostly Cloudy"
"2003-09-27 22:00","2003","09","27","22:00","13.6","","9.8","","78","","20","","9","","24.1","","98.81","","","","","","Mainly Clear"
"2003-09-27 23:00","2003","09","27","23:00","11.6","","9.5","","87","","26","","9","","24.1","","98.78","","","","","","Mainly Clear"
"2003-09-28 00:00","2003","09","28","00:00","11.4","","9.6","","89","","","","0","","24.1","","98.71","","","","","","Clear"
"2003-09-28 01:00","2003","09","28","01:00","10.8","","9.3","","90","","27","","4","","24.1","","98.72","","","","","","Mostly Cloudy"
"2003-09-28 02:00","2003","09","28","02:00","11.4","","8.9","","85","","27","","32","","19.3","","98.68","","","","","","Rain Showers"
"2003-09-28 03:00","2003","09","28","03:00","11.3","","8.9","","85","","","","0","","24.1","","98.62","","","","","","Mostly Cloudy"
"2003-09-28 04:00","2003","09","28","04:00","10.4","","8.1","","86","","24","","6","","24.1","","98.65","","","","","","Mainly Clear"
"2003-09-28 05:00","2003","09","28","05:00","8.8","","7.2","","90","","23","","7","","24.1","","98.72","","","","","","Mainly Clear"
"2003-09-28 06:00","2003","09","28","06:00","9.3","","7.6","","89","","23","","6","","24.1","","98.73","","","","","","Mostly Cloudy"
"2003-09-28 07:00","2003","09","28","07:00","8.9","","7.9","","93","","26","","7","","24.1","","98.75","","","","","","Mainly Clear"
"2003-09-28 08:00","2003","09","28","08:00","11.2","","9.6","","90","","28","","7","","24.1","","98.73","","","","","","Clear"
"2003-09-28 09:00","2003","09","28","09:00","13.4","","9.7","","78","","28","","15","","24.1","","98.73","","","","","","Clear"
"2003-09-28 10:00","2003","09","28","10:00","14.9","","7.9","","63","","27","","17","","24.1","","98.73","","","","","","Mainly Clear"
"2003-09-28 11:00","2003","09","28","11:00","15.4","","6.6","","56","","28","","15","","24.1","","98.71","","","","","","Mainly Clear"
"2003-09-28 12:00","2003","09","28","12:00","17.5","","7.5","","52","","24","","15","","24.1","","98.68","","","","","","Mostly Cloudy"
"2003-09-28 13:00","2003","09","28","13:00","15.6","","5.5","","51","","23","","19","","24.1","","98.65","","","","","","Mostly Cloudy"
"2003-09-28 14:00","2003","09","28","14:00","15.8","","6.2","","53","","23","","20","","24.1","","98.67","","","","","","Mostly Cloudy"
"2003-09-28 15:00","2003","09","28","15:00","15.7","","5.7","","51","","22","","19","","24.1","","98.67","","","","","","Mostly Cloudy"
"2003-09-28 16:00","2003","09","28","16:00","15.2","","5.9","","54","","22","","19","","24.1","","98.70","","","","","","Mostly Cloudy"
"2003-09-28 17:00","2003","09","28","17:00","13.9","","7.7","","66","","25","","13","","24.1","","98.72","","","","","","Mostly Cloudy"
"2003-09-28 18:00","2003","09","28","18:00","13.5","","7.5","","67","","23","","19","","24.1","","98.77","","","","","","Mostly Cloudy"
"2003-09-28 19:00","2003","09","28","19:00","13.4","","7.4","","67","","23","","13","","24.1","","98.80","","","","","","Mostly Cloudy"
"2003-09-28 20:00","2003","09","28","20:00","11.8","","8.9","","82","","27","","9","","24.1","","98.84","","","","","","Mostly Cloudy"
"2003-09-28 21:00","2003","09","28","21:00","11.5","","9.1","","85","","31","","11","","24.1","","98.87","","","","","","Mostly Cloudy"
"2003-09-28 22:00","2003","09","28","22:00","10.4","","8.0","","85","","31","","11","","24.1","","98.88","","","","","","Mainly Clear"
"2003-09-28 23:00","2003","09","28","23:00","10.2","","8.8","","91","","27","","7","","24.1","","98.88","","","","","","Mostly Cloudy"
"2003-09-29 00:00","2003","09","29","00:00","9.6","","7.6","","87","","27","","6","","24.1","","98.86","","","","","","Mainly Clear"
"2003-09-29 01:00","2003","09","29","01:00","9.6","","8.0","","90","","27","","11","","24.1","","98.91","","","","","","Mostly Cloudy"
"2003-09-29 02:00","2003","09","29","02:00","8.8","","7.1","","89","","28","","15","","24.1","","98.91","","","","","","Mostly Cloudy"
"2003-09-29 03:00","2003","09","29","03:00","7.6","","6.4","","92","","27","","13","","24.1","","98.92","","","","","","Mainly Clear"
"2003-09-29 04:00","2003","09","29","04:00","8.6","","7.3","","92","","28","","9","","24.1","","98.94","","","","","","Mostly Cloudy"
"2003-09-29 05:00","2003","09","29","05:00","8.7","","7.4","","92","","27","","15","","24.1","","98.95","","","","","","Mostly Cloudy"
"2003-09-29 06:00","2003","09","29","06:00","8.3","","7.1","","92","","27","","19","","24.1","","99.01","","","","","","Mainly Clear"
"2003-09-29 07:00","2003","09","29","07:00","8.6","","7.1","","90","","27","","17","","24.1","","99.06","","","","","","Mainly Clear"
"2003-09-29 08:00","2003","09","29","08:00","10.7","","7.9","","83","","28","","19","","24.1","","99.11","","","","","","Mainly Clear"
"2003-09-29 09:00","2003","09","29","09:00","11.5","","7.0","","74","","29","","26","","24.1","","99.18","","","","","","Mainly Clear"
"2003-09-29 10:00","2003","09","29","10:00","12.5","","6.3","","66","","28","","33","","24.1","","99.21","","","","","","Mainly Clear"
"2003-09-29 11:00","2003","09","29","11:00","12.3","","5.4","","63","","29","","20","","24.1","","99.27","","","","","","Mostly Cloudy"
"2003-09-29 12:00","2003","09","29","12:00","13.1","","5.8","","61","","31","","26","","24.1","","99.33","","","","","","Mostly Cloudy"
"2003-09-29 13:00","2003","09","29","13:00","12.9","","4.7","","57","","29","","35","","24.1","","99.37","","","","","","Mostly Cloudy"
"2003-09-29 14:00","2003","09","29","14:00","13.1","","5.3","","59","","31","","30","","24.1","","99.37","","","","","","Mostly Cloudy"
"2003-09-29 15:00","2003","09","29","15:00","12.8","","4.8","","58","","28","","32","","24.1","","99.41","","","","","","Mostly Cloudy"
"2003-09-29 16:00","2003","09","29","16:00","13.1","","3.0","","50","","29","","33","","24.1","","99.47","","","","","","Mostly Cloudy"
"2003-09-29 17:00","2003","09","29","17:00","11.2","","1.0","","49","","28","","32","","24.1","","99.58","","","","","","Mainly Clear"
"2003-09-29 18:00","2003","09","29","18:00","9.8","","2.0","","58","","28","","24","","24.1","","99.68","","","","","","Mainly Clear"
"2003-09-29 19:00","2003","09","29","19:00","9.3","","2.1","","61","","30","","20","","24.1","","99.72","","","","","","Clear"
"2003-09-29 20:00","2003","09","29","20:00","7.0","","2.5","","73","","27","","11","","24.1","","99.79","","","","","","Clear"
"2003-09-29 21:00","2003","09","29","21:00","6.7","","2.4","","74","","28","","9","","24.1","","99.80","","","","","","Mainly Clear"
"2003-09-29 22:00","2003","09","29","22:00","5.9","","2.9","","81","","26","","7","","24.1","","99.80","","","","","","Mainly Clear"
"2003-09-29 23:00","2003","09","29","23:00","6.2","","3.4","","82","","27","","9","","24.1","","99.84","","","","","","Mostly Cloudy"
"2003-09-30 00:00","2003","09","30","00:00","7.5","","3.8","","77","","27","","19","","24.1","","99.84","","","","","","Mostly Cloudy"
"2003-09-30 01:00","2003","09","30","01:00","6.0","","3.4","","83","","27","","11","","24.1","","99.84","","","","","","Mainly Clear"
"2003-09-30 02:00","2003","09","30","02:00","4.3","","2.9","","91","","26","","9","","24.1","","99.85","","","","","","Clear"
"2003-09-30 03:00","2003","09","30","03:00","4.4","","2.9","","90","","27","","9","","24.1","","99.86","","","","","","Clear"
"2003-09-30 04:00","2003","09","30","04:00","4.1","","2.8","","91","","24","","9","","24.1","","99.90","","","","","","Clear"
"2003-09-30 05:00","2003","09","30","05:00","4.2","","2.6","","89","","25","","11","","24.1","","99.89","","","","","","Clear"
"2003-09-30 06:00","2003","09","30","06:00","4.6","","2.4","","86","","24","","15","","24.1","","99.88","","","","","","Clear"
"2003-09-30 07:00","2003","09","30","07:00","5.7","","2.5","","80","","20","","11","","24.1","","99.87","","","","","","Mainly Clear"
"2003-09-30 08:00","2003","09","30","08:00","8.6","","2.6","","66","","21","","19","","24.1","","99.83","","","","","","Mainly Clear"
"2003-09-30 09:00","2003","09","30","09:00","10.2","","3.1","","61","","22","","28","","24.1","","99.80","","","","","","Mainly Clear"
"2003-09-30 10:00","2003","09","30","10:00","12.6","","3.3","","53","","23","","26","","24.1","","99.75","","","","","","Mostly Cloudy"
"2003-09-30 11:00","2003","09","30","11:00","13.3","","3.9","","53","","24","","33","","24.1","","99.71","","","","","","Rain Showers"
"2003-09-30 12:00","2003","09","30","12:00","12.5","","5.1","","61","","28","","39","","24.1","","99.72","","","","","","Rain Showers"
"2003-09-30 13:00","2003","09","30","13:00","12.3","","6.8","","69","","24","","30","","24.1","","99.71","","","","","","Mostly Cloudy"
"2003-09-30 14:00","2003","09","30","14:00","12.8","","4.7","","58","","27","","35","","24.1","","99.71","","","","","","Mostly Cloudy"
"2003-09-30 15:00","2003","09","30","15:00","10.7","","2.7","","58","","28","","30","","24.1","","99.75","","","","","","Mostly Cloudy"
"2003-09-30 16:00","2003","09","30","16:00","10.5","","2.4","","57","","29","","35","","24.1","","99.82","","","","","","Mostly Cloudy"
"2003-09-30 17:00","2003","09","30","17:00","10.4","","1.3","","53","","26","","28","","24.1","","99.87","","","","","","Mostly Cloudy"
"2003-09-30 18:00","2003","09","30","18:00","9.6","","2.0","","59","","26","","19","","24.1","","99.87","","","","","","Mostly Cloudy"
"2003-09-30 19:00","2003","09","30","19:00","9.5","","1.6","","58","","31","","24","","24.1","","99.95","","","","","","Mostly Cloudy"
"2003-09-30 20:00","2003","09","30","20:00","8.7","","1.7","","61","","26","","17","","24.1","","100.00","","","","","","Cloudy"
"2003-09-30 21:00","2003","09","30","21:00","7.8","","2.5","","69","","26","","15","","24.1","","100.00","","","","","","Mostly Cloudy"
"2003-09-30 22:00","2003","09","30","22:00","7.7","","2.4","","69","","27","","15","","24.1","","99.98","","","","","","Mostly Cloudy"
"2003-09-30 23:00","2003","09","30","23:00","5.8","","2.2","","78","","26","","11","","24.1","","99.96","","","","","","Mainly Clear"
